
set identity_insert [PatientFlow].[TranslationType] on 

insert [PatientFlow].[TranslationType] 
       ([TranslationTypeId], 
        [TranslationTypeName]) 
values (1, 
        N'Module') 

insert [PatientFlow].[TranslationType] 
       ([TranslationTypeId], 
        [TranslationTypeName]) 
values (2, 
        N'Screen') 

insert [PatientFlow].[TranslationType] 
       ([TranslationTypeId], 
        [TranslationTypeName]) 
values (3, 
        N'Control') 

insert [PatientFlow].[TranslationType] 
       ([TranslationTypeId], 
        [TranslationTypeName]) 
values (4, 
        N'Language') 

set identity_insert [PatientFlow].[TranslationType] off 


insert [PatientFlow].[TranslationRef] 
       ([TranslationTypeId]) 
values (1) 

insert [PatientFlow].[TranslationRef] 
       ([TranslationTypeId]) 
values (1) 

insert [PatientFlow].[TranslationRef] 
       ([TranslationTypeId]) 
values (1) 

insert [PatientFlow].[TranslationRef] 
       ([TranslationTypeId]) 
values (1) 

insert [PatientFlow].[TranslationRef] 
       ([TranslationTypeId]) 
values (3) 

insert [PatientFlow].[TranslationRef] 
       ([TranslationTypeId]) 
values (3) 

insert [PatientFlow].[TranslationRef] 
       ([TranslationTypeId]) 
values (3) 

insert [PatientFlow].[TranslationRef] 
       ([TranslationTypeId]) 
values (3) 

insert [PatientFlow].[TranslationRef] 
       ([TranslationTypeId]) 
values (3) 

insert [PatientFlow].[TranslationRef] 
       ([TranslationTypeId]) 
values ( 3) 

insert [PatientFlow].[TranslationRef] 
       ([TranslationTypeId]) 
values ( 3) 

insert [PatientFlow].[TranslationRef] 
       ([TranslationTypeId]) 
values ( 3) 

insert [PatientFlow].[TranslationRef] 
       ([TranslationTypeId]) 
values ( 3) 

insert [PatientFlow].[TranslationRef] 
       ([TranslationTypeId]) 
values ( 3) 

insert [PatientFlow].[TranslationRef] 
       ([TranslationTypeId]) 
values ( 3) 

insert [PatientFlow].[TranslationRef] 
       ([TranslationTypeId]) 
values ( 3) 

insert [PatientFlow].[TranslationRef] 
       ([TranslationTypeId]) 
values ( 3) 

insert [PatientFlow].[TranslationRef] 
       ([TranslationTypeId]) 
values ( 3) 

insert [PatientFlow].[TranslationRef] 
       ([TranslationTypeId]) 
values ( 3) 

insert [PatientFlow].[TranslationRef] 
       ([TranslationTypeId]) 
values ( 3) 

insert [PatientFlow].[TranslationRef] 
       ([TranslationTypeId]) 
values ( 3) 

insert [PatientFlow].[TranslationRef] 
       ([TranslationTypeId]) 
values ( 3) 

insert [PatientFlow].[TranslationRef] 
       ([TranslationTypeId]) 
values ( 3) 

insert [PatientFlow].[TranslationRef] 
       ([TranslationTypeId]) 
values ( 3) 

insert [PatientFlow].[TranslationRef] 
       ([TranslationTypeId]) 
values ( 3) 

insert [PatientFlow].[TranslationRef] 
       ([TranslationTypeId]) 
values ( 3) 

insert [PatientFlow].[TranslationRef] 
       ([TranslationTypeId]) 
values ( 3) 

insert [PatientFlow].[TranslationRef] 
       ([TranslationTypeId]) 
values ( 3) 

insert [PatientFlow].[TranslationRef] 
       ([TranslationTypeId]) 
values ( 3) 

insert [PatientFlow].[TranslationRef] 
       ([TranslationTypeId]) 
values ( 3) 

insert [PatientFlow].[TranslationRef] 
       ([TranslationTypeId]) 
values ( 3) 

insert [PatientFlow].[TranslationRef] 
       ([TranslationTypeId]) 
values ( 3) 

insert [PatientFlow].[TranslationRef] 
       ([TranslationTypeId]) 
values ( 3) 

insert [PatientFlow].[TranslationRef] 
       ([TranslationTypeId]) 
values ( 3) 

insert [PatientFlow].[TranslationRef] 
       ([TranslationTypeId]) 
values ( 3) 

insert [PatientFlow].[TranslationRef] 
       ([TranslationTypeId]) 
values ( 3) 

insert [PatientFlow].[TranslationRef] 
       ([TranslationTypeId]) 
values ( 3) 

insert [PatientFlow].[TranslationRef] 
       ([TranslationTypeId]) 
values ( 3) 

insert [PatientFlow].[TranslationRef] 
       ([TranslationTypeId]) 
values ( 3) 

insert [PatientFlow].[TranslationRef] 
       ([TranslationTypeId]) 
values ( 3) 

insert [PatientFlow].[TranslationRef] 
       ([TranslationTypeId]) 
values ( 3) 

insert [PatientFlow].[TranslationRef] 
       ([TranslationTypeId]) 
values ( 3) 

insert [PatientFlow].[TranslationRef] 
       ([TranslationTypeId]) 
values ( 3) 

insert [PatientFlow].[TranslationRef] 
       ([TranslationTypeId]) 
values ( 3) 

insert [PatientFlow].[TranslationRef] 
       ([TranslationTypeId]) 
values ( 3) 

insert [PatientFlow].[TranslationRef] 
       ([TranslationTypeId]) 
values ( 3) 

insert [PatientFlow].[TranslationRef] 
       ([TranslationTypeId]) 
values ( 3) 

insert [PatientFlow].[TranslationRef] 
       ([TranslationTypeId]) 
values ( 3) 

insert [PatientFlow].[TranslationRef] 
       ([TranslationTypeId]) 
values ( 3) 

insert [PatientFlow].[TranslationRef] 
       ([TranslationTypeId]) 
values ( 3) 

insert [PatientFlow].[TranslationRef] 
       ([TranslationTypeId]) 
values ( 3) 

insert [PatientFlow].[TranslationRef] 
       ([TranslationTypeId]) 
values ( 3) 

insert [PatientFlow].[TranslationRef] 
       ([TranslationTypeId]) 
values ( 3) 

insert [PatientFlow].[TranslationRef] 
       ([TranslationTypeId]) 
values ( 3) 

insert [PatientFlow].[TranslationRef] 
       ([TranslationTypeId]) 
values ( 3) 

insert [PatientFlow].[TranslationRef] 
       ([TranslationTypeId]) 
values ( 3) 

insert [PatientFlow].[TranslationRef] 
       ([TranslationTypeId]) 
values ( 3) 

insert [PatientFlow].[TranslationRef] 
       ([TranslationTypeId]) 
values ( 3) 

insert [PatientFlow].[TranslationRef] 
       ([TranslationTypeId]) 
values ( 3) 

insert [PatientFlow].[TranslationRef] 
       ([TranslationTypeId]) 
values ( 3) 

insert [PatientFlow].[TranslationRef] 
       ([TranslationTypeId]) 
values ( 3) 

insert [PatientFlow].[TranslationRef] 
       ([TranslationTypeId]) 
values ( 3) 

insert [PatientFlow].[TranslationRef] 
       ([TranslationTypeId]) 
values ( 3) 

insert [PatientFlow].[TranslationRef] 
       ([TranslationTypeId]) 
values ( 3) 

insert [PatientFlow].[TranslationRef] 
       ([TranslationTypeId]) 
values ( 3) 

insert [PatientFlow].[TranslationRef] 
       ([TranslationTypeId]) 
values ( 3) 

insert [PatientFlow].[TranslationRef] 
       ([TranslationTypeId]) 
values ( 3) 

insert [PatientFlow].[TranslationRef] 
       ([TranslationTypeId]) 
values ( 3) 

insert [PatientFlow].[TranslationRef] 
       ([TranslationTypeId]) 
values ( 3) 

insert [PatientFlow].[TranslationRef] 
       ([TranslationTypeId]) 
values ( 3) 

insert [PatientFlow].[TranslationRef] 
       ([TranslationTypeId]) 
values ( 3) 

insert [PatientFlow].[TranslationRef] 
       ([TranslationTypeId]) 
values ( 3) 

insert [PatientFlow].[TranslationRef] 
       ([TranslationTypeId]) 
values ( 3) 

insert [PatientFlow].[TranslationRef] 
       ([TranslationTypeId]) 
values ( 3) 

insert [PatientFlow].[TranslationRef] 
       ([TranslationTypeId]) 
values ( 3) 

insert [PatientFlow].[TranslationRef] 
       ([TranslationTypeId]) 
values ( 4) 

insert [PatientFlow].[TranslationRef] 
       ([TranslationTypeId]) 
values ( 4) 

insert [PatientFlow].[TranslationRef] 
       ([TranslationTypeId]) 
values ( 4) 

insert [PatientFlow].[TranslationRef] 
       ([TranslationTypeId]) 
values ( 4) 

insert [PatientFlow].[TranslationRef] 
       ([TranslationTypeId]) 
values ( 4) 

insert [PatientFlow].[TranslationRef] 
       ([TranslationTypeId]) 
values ( 4) 

set identity_insert [PatientFlow].[TranslationRef] off 
go 

set identity_insert [PatientFlow].[Language] on 

go 

insert [PatientFlow].[Language] 
       ([LanguageId], 
        [LanguageCode], 
        [LanguageName], 
        [TranslationRefId]) 
values (1, 
        N'en', 
        N'English', 
        null) 

go 

insert [PatientFlow].[Language] 
       ([LanguageId], 
        [LanguageCode], 
        [LanguageName], 
        [TranslationRefId]) 
values (2, 
        N'es', 
        N'Spanish', 
        null) 

go 

insert [PatientFlow].[Language] 
       ([LanguageId], 
        [LanguageCode], 
        [LanguageName], 
        [TranslationRefId]) 
values (3, 
        N'fr', 
        N'French', 
        null) 

go 

insert [PatientFlow].[Language] 
       ([LanguageId], 
        [LanguageCode], 
        [LanguageName], 
        [TranslationRefId]) 
values (4, 
        N'de', 
        N'German', 
        null) 

go 

insert [PatientFlow].[Language] 
       ([LanguageId], 
        [LanguageCode], 
        [LanguageName], 
        [TranslationRefId]) 
values (5, 
        N'ru', 
        N'Russian', 
        null) 

go 

insert [PatientFlow].[Language] 
       ([LanguageId], 
        [LanguageCode], 
        [LanguageName], 
        [TranslationRefId]) 
values (6, 
        N'tr', 
        N'Turkish', 
        null) 

go 

set identity_insert [PatientFlow].[Language] off 

go 

insert [PatientFlow].[Translation] 
       ([LanguageId], 
        [TranslationRefId], 
        [TranslationText], 
        [ModifiedBy], 
        [Modified]) 
values (1, 
        1, 
        N'Arrival', 
        N'Administrator', 
        Cast(0x0000A45D0101E72D as datetime)) 

insert [PatientFlow].[Translation] 
       ([LanguageId], 
        [TranslationRefId], 
        [TranslationText], 
        [ModifiedBy], 
        [Modified]) 
values (1, 
        2, 
        N'Survey', 
        N'Administrator', 
        Cast(0x0000A45D0101E72D as datetime)) 

insert [PatientFlow].[Translation] 
       ([LanguageId], 
        [TranslationRefId], 
        [TranslationText], 
        [ModifiedBy], 
        [Modified]) 
values (1, 
        3, 
        N'Site Map', 
        N'Administrator', 
        Cast(0x0000A45D0101E72D as datetime)) 

insert [PatientFlow].[Translation] 
       ([LanguageId], 
        [TranslationRefId], 
        [TranslationText], 
        [ModifiedBy], 
        [Modified]) 
values (1, 
        4, 
        N'Make Appointment', 
        N'Administrator', 
        Cast(0x0000A45D0101E72D as datetime)) 

insert [PatientFlow].[Translation] 
       ([LanguageId], 
        [TranslationRefId], 
        [TranslationText], 
        [ModifiedBy], 
        [Modified]) 
values (1, 
        5, 
        N'Appointments For', 
        N'Administrator', 
        Cast(0x0000A45D0110F588 as datetime)) 

insert [PatientFlow].[Translation] 
       ([LanguageId], 
        [TranslationRefId], 
        [TranslationText], 
        [ModifiedBy], 
        [Modified]) 
values (1, 
        6, 
        N'Confirm', 
        N'Administrator', 
        Cast(0x0000A45D0110F588 as datetime)) 

insert [PatientFlow].[Translation] 
       ([LanguageId], 
        [TranslationRefId], 
        [TranslationText], 
        [ModifiedBy], 
        [Modified]) 
values (1, 
        7, 
        N'Cancel', 
        N'Administrator', 
        Cast(0x0000A45D0110F588 as datetime)) 

insert [PatientFlow].[Translation] 
       ([LanguageId], 
        [TranslationRefId], 
        [TranslationText], 
        [ModifiedBy], 
        [Modified]) 
values (1, 
        8, 
        N'Sorry we are unable to find your details', 
        N'Administrator', 
        Cast(0x0000A45D0110F588 as datetime)) 

insert [PatientFlow].[Translation] 
       ([LanguageId], 
        [TranslationRefId], 
        [TranslationText], 
        [ModifiedBy], 
        [Modified]) 
values (1, 
        9, 
        N'Please contact Reception or Click the below button to try again', 
        N'Administrator', 
        Cast(0x0000A45D0110F588 as datetime)) 

insert [PatientFlow].[Translation] 
       ([LanguageId], 
        [TranslationRefId], 
        [TranslationText], 
        [ModifiedBy], 
        [Modified]) 
values (1, 
        10, 
        N'Try Again', 
        N'Administrator', 
        Cast(0x0000A45D0110F588 as datetime)) 

insert [PatientFlow].[Translation] 
       ([LanguageId], 
        [TranslationRefId], 
        [TranslationText], 
        [ModifiedBy], 
        [Modified]) 
values (1, 
        11, 
        N'Confirm All', 
        N'Administrator', 
        Cast(0x0000A45D0110F588 as datetime)) 

insert [PatientFlow].[Translation] 
       ([LanguageId], 
        [TranslationRefId], 
        [TranslationText], 
        [ModifiedBy], 
        [Modified]) 
values (1, 
        12, 
        N'Early Arrival', 
        N'Administrator', 
        Cast(0x0000A45D0110F588 as datetime)) 

insert [PatientFlow].[Translation] 
       ([LanguageId], 
        [TranslationRefId], 
        [TranslationText], 
        [ModifiedBy], 
        [Modified]) 
values (1, 
        13, 
N'Sorry, your appointment is +Time+ , we are unable to check you in until +earlyarrivaltime+ minutes before your appointment.  Please try again later.'
        , 
N'Administrator', 
Cast(0x0000A45D0110F588 as datetime)) 

insert [PatientFlow].[Translation] 
       ([LanguageId], 
        [TranslationRefId], 
        [TranslationText], 
        [ModifiedBy], 
        [Modified]) 
values (1, 
        14, 
        N'Late Arrival', 
        N'Administrator', 
        Cast(0x0000A45D0110F588 as datetime)) 

insert [PatientFlow].[Translation] 
       ([LanguageId], 
        [TranslationRefId], 
        [TranslationText], 
        [ModifiedBy], 
        [Modified]) 
values (1, 
        15, 
N'Sorry, your appointment time of +Time+ has passed and we are unable to check you in.  Please contact reception'
        , 
N'Administrator', 
Cast(0x0000A45D0110F588 as datetime)) 

insert [PatientFlow].[Translation] 
       ([LanguageId], 
        [TranslationRefId], 
        [TranslationText], 
        [ModifiedBy], 
        [Modified]) 
values (1, 
        16, 
        N'OK', 
        N'Administrator', 
        Cast(0x0000A45D0110F589 as datetime)) 

insert [PatientFlow].[Translation] 
       ([LanguageId], 
        [TranslationRefId], 
        [TranslationText], 
        [ModifiedBy], 
        [Modified]) 
values (1, 
        17, 
        N'Sorry! Unable to process your request.', 
        N'Administrator', 
        Cast(0x0000A45D0110F589 as datetime)) 

insert [PatientFlow].[Translation] 
       ([LanguageId], 
        [TranslationRefId], 
        [TranslationText], 
        [ModifiedBy], 
        [Modified]) 
values (1, 
        18, 
        N'Please report to reception', 
        N'Administrator', 
        Cast(0x0000A45D0110F589 as datetime)) 

insert [PatientFlow].[Translation] 
       ([LanguageId], 
        [TranslationRefId], 
        [TranslationText], 
        [ModifiedBy], 
        [Modified]) 
values (1, 
        19, 
        N'Please select a preferred day', 
        N'Administrator', 
        Cast(0x0000A46500EC7914 as datetime)) 

insert [PatientFlow].[Translation] 
       ([LanguageId], 
        [TranslationRefId], 
        [TranslationText], 
        [ModifiedBy], 
        [Modified]) 
values (1, 
        20, 
        N'Sorry we are unable to find your details', 
        N'Administrator', 
        Cast(0x0000A46500EC7914 as datetime)) 

insert [PatientFlow].[Translation] 
       ([LanguageId], 
        [TranslationRefId], 
        [TranslationText], 
        [ModifiedBy], 
        [Modified]) 
values (1, 
        21, 
        N'Please contact Reception or Click the below button to try again', 
        N'Administrator', 
        Cast(0x0000A46500EC7914 as datetime)) 

insert [PatientFlow].[Translation] 
       ([LanguageId], 
        [TranslationRefId], 
        [TranslationText], 
        [ModifiedBy], 
        [Modified]) 
values (1, 
        22, 
        N'Try Again', 
        N'Administrator', 
        Cast(0x0000A46500EC7914 as datetime)) 

insert [PatientFlow].[Translation] 
       ([LanguageId], 
        [TranslationRefId], 
        [TranslationText], 
        [ModifiedBy], 
        [Modified]) 
values (1, 
        23, 
        N'Welcome', 
        N'Administrator', 
        Cast(0x0000A46500EC7914 as datetime)) 

insert [PatientFlow].[Translation] 
       ([LanguageId], 
        [TranslationRefId], 
        [TranslationText], 
        [ModifiedBy], 
        [Modified]) 
values (1, 
        24, 
        N'Please confirm your request', 
        N'Administrator', 
        Cast(0x0000A45D0101E72D as datetime)) 

insert [PatientFlow].[Translation] 
       ([LanguageId], 
        [TranslationRefId], 
        [TranslationText], 
        [ModifiedBy], 
        [Modified]) 
values (1, 
        25, 
        N'Confirm', 
        N'Administrator', 
        Cast(0x0000A45D0101E72D as datetime)) 

insert [PatientFlow].[Translation] 
       ([LanguageId], 
        [TranslationRefId], 
        [TranslationText], 
        [ModifiedBy], 
        [Modified]) 
values (1, 
        26, 
        N'Cancel', 
        N'Administrator', 
        Cast(0x0000A45D0101E72D as datetime)) 

insert [PatientFlow].[Translation] 
       ([LanguageId], 
        [TranslationRefId], 
        [TranslationText], 
        [ModifiedBy], 
        [Modified]) 
values (1, 
        27, 
        N'at', 
        N'Administrator', 
        Cast(0x0000A45D0101E72D as datetime)) 

insert [PatientFlow].[Translation] 
       ([LanguageId], 
        [TranslationRefId], 
        [TranslationText], 
        [ModifiedBy], 
        [Modified]) 
values (1, 
        28, 
        N'Please select your day of birth', 
        N'Administrator', 
        Cast(0x0000A45D0101E72D as datetime)) 

insert [PatientFlow].[Translation] 
       ([LanguageId], 
        [TranslationRefId], 
        [TranslationText], 
        [ModifiedBy], 
        [Modified]) 
values (1, 
        29, 
        N'No Slots Available', 
        N'Administrator', 
        Cast(0x0000A45D0101E72D as datetime)) 

insert [PatientFlow].[Translation] 
       ([LanguageId], 
        [TranslationRefId], 
        [TranslationText], 
        [ModifiedBy], 
        [Modified]) 
values (1, 
        30, 
        N'Sorry! Unable to process your request.', 
        N'Administrator', 
        Cast(0x0000A45D0101E72D as datetime)) 

insert [PatientFlow].[Translation] 
       ([LanguageId], 
        [TranslationRefId], 
        [TranslationText], 
        [ModifiedBy], 
        [Modified]) 
values (1, 
        31, 
        N'Please report to reception', 
        N'Administrator', 
        Cast(0x0000A45D0101E72D as datetime)) 

insert [PatientFlow].[Translation] 
       ([LanguageId], 
        [TranslationRefId], 
        [TranslationText], 
        [ModifiedBy], 
        [Modified]) 
values (1, 
        32, 
        N'OK', 
        N'Administrator', 
        Cast(0x0000A45D0101E72D as datetime)) 

insert [PatientFlow].[Translation] 
       ([LanguageId], 
        [TranslationRefId], 
        [TranslationText], 
        [ModifiedBy], 
        [Modified]) 
values (1, 
        33, 
        N'Finish', 
        N'Administrator', 
        Cast(0x0000A45D0101E72D as datetime)) 

insert [PatientFlow].[Translation] 
       ([LanguageId], 
        [TranslationRefId], 
        [TranslationText], 
        [ModifiedBy], 
        [Modified]) 
values (1, 
        34, 
        N'Thank You', 
        N'Administrator', 
        Cast(0x0000A45D0101E72D as datetime)) 

insert [PatientFlow].[Translation] 
       ([LanguageId], 
        [TranslationRefId], 
        [TranslationText], 
        [ModifiedBy], 
        [Modified]) 
values (1, 
        35, 
        N'Your arrival is confirmed', 
        N'Administrator', 
        Cast(0x0000A45D0101E72D as datetime)) 

insert [PatientFlow].[Translation] 
       ([LanguageId], 
        [TranslationRefId], 
        [TranslationText], 
        [ModifiedBy], 
        [Modified]) 
values (1, 
        36, 
        N'Yes', 
        N'Administrator', 
        Cast(0x0000A45D0101E72D as datetime)) 

insert [PatientFlow].[Translation] 
       ([LanguageId], 
        [TranslationRefId], 
        [TranslationText], 
        [ModifiedBy], 
        [Modified]) 
values (1, 
        37, 
        N'No', 
        N'Administrator', 
        Cast(0x0000A45D0101E72D as datetime)) 

insert [PatientFlow].[Translation] 
       ([LanguageId], 
        [TranslationRefId], 
        [TranslationText], 
        [ModifiedBy], 
        [Modified]) 
values (1, 
        38, 
        N'Do you want to take the survey?', 
        N'Administrator', 
        Cast(0x0000A45D0101E72D as datetime)) 

insert [PatientFlow].[Translation] 
       ([LanguageId], 
        [TranslationRefId], 
        [TranslationText], 
        [ModifiedBy], 
        [Modified]) 
values (1, 
        39, 
        N'Finish', 
        N'Administrator', 
        Cast(0x0000A45D0101E72D as datetime)) 

insert [PatientFlow].[Translation] 
       ([LanguageId], 
        [TranslationRefId], 
        [TranslationText], 
        [ModifiedBy], 
        [Modified]) 
values (1, 
        40, 
        N'for your appointment request', 
        N'Administrator', 
        Cast(0x0000A45D0101E72D as datetime)) 

insert [PatientFlow].[Translation] 
       ([LanguageId], 
        [TranslationRefId], 
        [TranslationText], 
        [ModifiedBy], 
        [Modified]) 
values (1, 
        41, 
        N'Thank You', 
        N'Administrator', 
        Cast(0x0000A45D0101E72D as datetime)) 

insert [PatientFlow].[Translation] 
       ([LanguageId], 
        [TranslationRefId], 
        [TranslationText], 
        [ModifiedBy], 
        [Modified]) 
values (1, 
        42, 
        N'at', 
        N'Administrator', 
        Cast(0x0000A45D0101E72D as datetime)) 

insert [PatientFlow].[Translation] 
       ([LanguageId], 
        [TranslationRefId], 
        [TranslationText], 
        [ModifiedBy], 
        [Modified]) 
values (1, 
        43, 
        N'Thank You', 
        N'Administrator', 
        Cast(0x0000A45D0101E72D as datetime)) 

insert [PatientFlow].[Translation] 
       ([LanguageId], 
        [TranslationRefId], 
        [TranslationText], 
        [ModifiedBy], 
        [Modified]) 
values (1, 
        44, 
        N'Finish', 
        N'Administrator', 
        Cast(0x0000A45D0101E72D as datetime)) 

insert [PatientFlow].[Translation] 
       ([LanguageId], 
        [TranslationRefId], 
        [TranslationText], 
        [ModifiedBy], 
        [Modified]) 
values (1, 
        45, 
        N'Your survey has been recorded', 
        N'Administrator', 
        Cast(0x0000A45D0101E72D as datetime)) 

insert [PatientFlow].[Translation] 
       ([LanguageId], 
        [TranslationRefId], 
        [TranslationText], 
        [ModifiedBy], 
        [Modified]) 
values (1, 
        46, 
        N'Please select first letter of your firstname', 
        N'Administrator', 
        Cast(0x0000A45D0101E72D as datetime)) 

insert [PatientFlow].[Translation] 
       ([LanguageId], 
        [TranslationRefId], 
        [TranslationText], 
        [ModifiedBy], 
        [Modified]) 
values (1, 
        47, 
        N'Please select first letter of your surname', 
        N'Administrator', 
        Cast(0x0000A45D0101E72D as datetime)) 

insert [PatientFlow].[Translation] 
       ([LanguageId], 
        [TranslationRefId], 
        [TranslationText], 
        [ModifiedBy], 
        [Modified]) 
values (1, 
        48, 
        N'Enter date of birth', 
        N'Administrator', 
        Cast(0x0000A45D0101E72D as datetime)) 

insert [PatientFlow].[Translation] 
       ([LanguageId], 
        [TranslationRefId], 
        [TranslationText], 
        [ModifiedBy], 
        [Modified]) 
values (1, 
        49, 
        N'Day', 
        N'Administrator', 
        Cast(0x0000A45D0101E72D as datetime)) 

insert [PatientFlow].[Translation] 
       ([LanguageId], 
        [TranslationRefId], 
        [TranslationText], 
        [ModifiedBy], 
        [Modified]) 
values (1, 
        50, 
        N'Month', 
        N'Administrator', 
        Cast(0x0000A45D0101E72D as datetime)) 

insert [PatientFlow].[Translation] 
       ([LanguageId], 
        [TranslationRefId], 
        [TranslationText], 
        [ModifiedBy], 
        [Modified]) 
values (1, 
        51, 
        N'Year', 
        N'Administrator', 
        Cast(0x0000A45D0101E72D as datetime)) 

insert [PatientFlow].[Translation] 
       ([LanguageId], 
        [TranslationRefId], 
        [TranslationText], 
        [ModifiedBy], 
        [Modified]) 
values (1, 
        52, 
        N'Next', 
        N'Administrator', 
        Cast(0x0000A45D0101E72D as datetime)) 

insert [PatientFlow].[Translation] 
       ([LanguageId], 
        [TranslationRefId], 
        [TranslationText], 
        [ModifiedBy], 
        [Modified]) 
values (1, 
        53, 
        N'Please select your gender', 
        N'Administrator', 
        Cast(0x0000A45D0101E72D as datetime)) 

insert [PatientFlow].[Translation] 
       ([LanguageId], 
        [TranslationRefId], 
        [TranslationText], 
        [ModifiedBy], 
        [Modified]) 
values (1, 
        54, 
        N'Male', 
        N'Administrator', 
        Cast(0x0000A45D0101E72D as datetime)) 

insert [PatientFlow].[Translation] 
       ([LanguageId], 
        [TranslationRefId], 
        [TranslationText], 
        [ModifiedBy], 
        [Modified]) 
values (1, 
        55, 
        N'Female', 
        N'Administrator', 
        Cast(0x0000A45D0101E72D as datetime)) 

insert [PatientFlow].[Translation] 
       ([LanguageId], 
        [TranslationRefId], 
        [TranslationText], 
        [ModifiedBy], 
        [Modified]) 
values (1, 
        56, 
        N'Skip', 
        N'Administrator', 
        Cast(0x0000A45D0101E72D as datetime)) 

insert [PatientFlow].[Translation] 
       ([LanguageId], 
        [TranslationRefId], 
        [TranslationText], 
        [ModifiedBy], 
        [Modified]) 
values (1, 
        57, 
        N'KIOSK Hibernating....', 
        N'Administrator', 
        Cast(0x0000A45D0101E72D as datetime)) 

insert [PatientFlow].[Translation] 
       ([LanguageId], 
        [TranslationRefId], 
        [TranslationText], 
        [ModifiedBy], 
        [Modified]) 
values (1, 
        58, 
        N'Timing Out In...', 
        N'Administrator', 
        Cast(0x0000A45D0101E72D as datetime)) 

insert [PatientFlow].[Translation] 
       ([LanguageId], 
        [TranslationRefId], 
        [TranslationText], 
        [ModifiedBy], 
        [Modified]) 
values (1, 
        59, 
        N'Welcome To', 
        N'Administrator', 
        Cast(0x0000A45D0101E72D as datetime)) 

insert [PatientFlow].[Translation] 
       ([LanguageId], 
        [TranslationRefId], 
        [TranslationText], 
        [ModifiedBy], 
        [Modified]) 
values (1, 
        60, 
        N'select a language to start', 
        N'Administrator', 
        Cast(0x0000A45D0101E72D as datetime)) 

insert [PatientFlow].[Translation] 
       ([LanguageId], 
        [TranslationRefId], 
        [TranslationText], 
        [ModifiedBy], 
        [Modified]) 
values (1, 
        61, 
        N'Please select an option', 
        N'Administrator', 
        Cast(0x0000A45D0101E72D as datetime)) 

insert [PatientFlow].[Translation] 
       ([LanguageId], 
        [TranslationRefId], 
        [TranslationText], 
        [ModifiedBy], 
        [Modified]) 
values (1, 
        62, 
        N'Please select your month of birth', 
        N'Administrator', 
        Cast(0x0000A45D0101E72D as datetime)) 

insert [PatientFlow].[Translation] 
       ([LanguageId], 
        [TranslationRefId], 
        [TranslationText], 
        [ModifiedBy], 
        [Modified]) 
values (1, 
        63, 
        N'To start, please select one of the options below', 
        N'Administrator', 
        Cast(0x0000A45D0101E72D as datetime)) 

insert [PatientFlow].[Translation] 
       ([LanguageId], 
        [TranslationRefId], 
        [TranslationText], 
        [ModifiedBy], 
        [Modified]) 
values (1, 
        64, 
        N'Welcome To', 
        N'Administrator', 
        Cast(0x0000A45D0101E72D as datetime)) 

insert [PatientFlow].[Translation] 
       ([LanguageId], 
        [TranslationRefId], 
        [TranslationText], 
        [ModifiedBy], 
        [Modified]) 
values (1, 
        65, 
        N'Please select a slot type', 
        N'Administrator', 
        Cast(0x0000A45D0101E72D as datetime)) 

insert [PatientFlow].[Translation] 
       ([LanguageId], 
        [TranslationRefId], 
        [TranslationText], 
        [ModifiedBy], 
        [Modified]) 
values (1, 
        66, 
        N'Next', 
        N'Administrator', 
        Cast(0x0000A45D0101E72D as datetime)) 

insert [PatientFlow].[Translation] 
       ([LanguageId], 
        [TranslationRefId], 
        [TranslationText], 
        [ModifiedBy], 
        [Modified]) 
values (1, 
        67, 
        N'Please answer the following questions', 
        N'Administrator', 
        Cast(0x0000A45D0101E72D as datetime)) 

insert [PatientFlow].[Translation] 
       ([LanguageId], 
        [TranslationRefId], 
        [TranslationText], 
        [ModifiedBy], 
        [Modified]) 
values (1, 
        68, 
        N'Skip', 
        N'Administrator', 
        Cast(0x0000A45D0101E72D as datetime)) 

insert [PatientFlow].[Translation] 
       ([LanguageId], 
        [TranslationRefId], 
        [TranslationText], 
        [ModifiedBy], 
        [Modified]) 
values (1, 
        69, 
        N'Please choose an option', 
        N'Administrator', 
        Cast(0x0000A45D0101E72D as datetime)) 

insert [PatientFlow].[Translation] 
       ([LanguageId], 
        [TranslationRefId], 
        [TranslationText], 
        [ModifiedBy], 
        [Modified]) 
values (1, 
        70, 
        N'Surveys currently unavailable', 
        N'Administrator', 
        Cast(0x0000A45D0101E72D as datetime)) 

insert [PatientFlow].[Translation] 
       ([LanguageId], 
        [TranslationRefId], 
        [TranslationText], 
        [ModifiedBy], 
        [Modified]) 
values (1, 
        71, 
        N'Please select your year of birth', 
        N'Administrator', 
        Cast(0x0000A45D0101E72D as datetime)) 

insert [PatientFlow].[Translation] 
       ([LanguageId], 
        [TranslationRefId], 
        [TranslationText], 
        [ModifiedBy], 
        [Modified]) 
values (1, 
        72, 
        N'OK', 
        N'Administrator', 
        Cast(0x0000A45D0101E72D as datetime)) 

insert [PatientFlow].[Translation] 
       ([LanguageId], 
        [TranslationRefId], 
        [TranslationText], 
        [ModifiedBy], 
        [Modified]) 
values (1, 
        73, 
        N'None of the Above', 
        N'Administrator', 
        Cast(0x0000A45D0101E72D as datetime)) 

insert [PatientFlow].[Translation] 
       ([LanguageId], 
        [TranslationRefId], 
        [TranslationText], 
        [ModifiedBy], 
        [Modified]) 
values (1, 
        74, 
        N'Year Not Found', 
        N'Administrator', 
        Cast(0x0000A45D0101E72D as datetime)) 

insert [PatientFlow].[Translation] 
       ([LanguageId], 
        [TranslationRefId], 
        [TranslationText], 
        [ModifiedBy], 
        [Modified]) 
values (1, 
        75, 
        N'Please contact Reception', 
        N'Administrator', 
        Cast(0x0000A45D0101E72D as datetime)) 

insert [PatientFlow].[Translation] 
       ([LanguageId], 
        [TranslationRefId], 
        [TranslationText], 
        [ModifiedBy], 
        [Modified]) 
values (1, 
        76, 
        N'English', 
        null, 
        Cast(0x0000A45D0101E72D as datetime)) 

insert [PatientFlow].[Translation] 
       ([LanguageId], 
        [TranslationRefId], 
        [TranslationText], 
        [ModifiedBy], 
        [Modified]) 
values (2, 
        1, 
        N'Llegada', 
        N'Administrator', 
        Cast(0x0000A45D01034EC3 as datetime)) 

insert [PatientFlow].[Translation] 
       ([LanguageId], 
        [TranslationRefId], 
        [TranslationText], 
        [ModifiedBy], 
        [Modified]) 
values (2, 
        2, 
        N'Estudio', 
        N'Administrator', 
        Cast(0x0000A45D01034EC3 as datetime)) 

insert [PatientFlow].[Translation] 
       ([LanguageId], 
        [TranslationRefId], 
        [TranslationText], 
        [ModifiedBy], 
        [Modified]) 
values (2, 
        3, 
        N'Mapa del Sitio', 
        N'Administrator', 
        Cast(0x0000A45D01034EC3 as datetime)) 

insert [PatientFlow].[Translation] 
       ([LanguageId], 
        [TranslationRefId], 
        [TranslationText], 
        [ModifiedBy], 
        [Modified]) 
values (2, 
        4, 
        N'Hacer una Cita', 
        N'Administrator', 
        Cast(0x0000A45D01034EC3 as datetime)) 

insert [PatientFlow].[Translation] 
       ([LanguageId], 
        [TranslationRefId], 
        [TranslationText], 
        [ModifiedBy], 
        [Modified]) 
values (2, 
        5, 
        N'Las citas para', 
        N'Administrator', 
        Cast(0x0000A45D01034EC3 as datetime)) 

insert [PatientFlow].[Translation] 
       ([LanguageId], 
        [TranslationRefId], 
        [TranslationText], 
        [ModifiedBy], 
        [Modified]) 
values (2, 
        6, 
        N'Confirmar', 
        N'Administrator', 
        Cast(0x0000A45D01034EC3 as datetime)) 

insert [PatientFlow].[Translation] 
       ([LanguageId], 
        [TranslationRefId], 
        [TranslationText], 
        [ModifiedBy], 
        [Modified]) 
values (2, 
        7, 
        N'Cancelar', 
        N'Administrator', 
        Cast(0x0000A45D01034EC3 as datetime)) 

insert [PatientFlow].[Translation] 
       ([LanguageId], 
        [TranslationRefId], 
        [TranslationText], 
        [ModifiedBy], 
        [Modified]) 
values (2, 
        8, 
        N'Lo sentimos no somos capaces de encontrar sus datos', 
        N'Administrator', 
        Cast(0x0000A45D01034EC3 as datetime)) 

insert [PatientFlow].[Translation] 
       ([LanguageId], 
        [TranslationRefId], 
        [TranslationText], 
        [ModifiedBy], 
        [Modified]) 
values (2, 
        9, 
N'Por favor, póngase en contacto con la recepción o Haga clic en el botón de abajo para volver a intentarlo'
        , 
N'Administrator', 
Cast(0x0000A45D01034EC3 as datetime)) 

insert [PatientFlow].[Translation] 
       ([LanguageId], 
        [TranslationRefId], 
        [TranslationText], 
        [ModifiedBy], 
        [Modified]) 
values (2, 
        10, 
        N'Inténtalo De Nuevo', 
        N'Administrator', 
        Cast(0x0000A45D01034EC3 as datetime)) 

insert [PatientFlow].[Translation] 
       ([LanguageId], 
        [TranslationRefId], 
        [TranslationText], 
        [ModifiedBy], 
        [Modified]) 
values (2, 
        11, 
        N'Confirme Todo', 
        N'Administrator', 
        Cast(0x0000A45D01034EC3 as datetime)) 

insert [PatientFlow].[Translation] 
       ([LanguageId], 
        [TranslationRefId], 
        [TranslationText], 
        [ModifiedBy], 
        [Modified]) 
values (2, 
        12, 
        N'A principios de llegada', 
        N'Administrator', 
        Cast(0x0000A45D01034EC3 as datetime)) 

insert [PatientFlow].[Translation] 
       ([LanguageId], 
        [TranslationRefId], 
        [TranslationText], 
        [ModifiedBy], 
        [Modified]) 
values (2, 
        13, 
N'Lo sentimos, su cita es  Tiempo , no podemos comprobar que en hasta  earlyarrivaltime  minutos antes de su cita. '
        , 
N'Administrator', 
Cast(0x0000A45D01034EC3 as datetime)) 

insert [PatientFlow].[Translation] 
       ([LanguageId], 
        [TranslationRefId], 
        [TranslationText], 
        [ModifiedBy], 
        [Modified]) 
values (2, 
        14, 
        N'Llegada tardía', 
        N'Administrator', 
        Cast(0x0000A45D01034EC3 as datetime)) 

insert [PatientFlow].[Translation] 
       ([LanguageId], 
        [TranslationRefId], 
        [TranslationText], 
        [ModifiedBy], 
        [Modified]) 
values (2, 
        15, 
N'Lo siento, la hora de la cita de  tiempo  ha pasado y estamos no se puede comprobar. Por favor póngase en contacto con la recepción'
        , 
N'Administrator', 
Cast(0x0000A45D01034EC3 as datetime)) 

insert [PatientFlow].[Translation] 
       ([LanguageId], 
        [TranslationRefId], 
        [TranslationText], 
        [ModifiedBy], 
        [Modified]) 
values (2, 
        16, 
        N'OKAY', 
        N'Administrator', 
        Cast(0x0000A45D01034EC3 as datetime)) 

insert [PatientFlow].[Translation] 
       ([LanguageId], 
        [TranslationRefId], 
        [TranslationText], 
        [ModifiedBy], 
        [Modified]) 
values (2, 
        17, 
        N'¡Lo siento! ', 
        N'Administrator', 
        Cast(0x0000A45D01034EC3 as datetime)) 

insert [PatientFlow].[Translation] 
       ([LanguageId], 
        [TranslationRefId], 
        [TranslationText], 
        [ModifiedBy], 
        [Modified]) 
values (2, 
        18, 
        N'Por favor, informe a la recepción', 
        N'Administrator', 
        Cast(0x0000A45D01034EC3 as datetime)) 

insert [PatientFlow].[Translation] 
       ([LanguageId], 
        [TranslationRefId], 
        [TranslationText], 
        [ModifiedBy], 
        [Modified]) 
values (2, 
        19, 
        N'Seleccione un día preferido', 
        N'Administrator', 
        Cast(0x0000A45D01034EC3 as datetime)) 

insert [PatientFlow].[Translation] 
       ([LanguageId], 
        [TranslationRefId], 
        [TranslationText], 
        [ModifiedBy], 
        [Modified]) 
values (2, 
        20, 
        N'Lo sentimos no somos capaces de encontrar sus datos', 
        N'Administrator', 
        Cast(0x0000A45D01034EC3 as datetime)) 

insert [PatientFlow].[Translation] 
       ([LanguageId], 
        [TranslationRefId], 
        [TranslationText], 
        [ModifiedBy], 
        [Modified]) 
values (2, 
        21, 
N'Por favor, póngase en contacto con la recepción o Haga clic en el botón de abajo para volver a intentarlo'
        , 
N'Administrator', 
Cast(0x0000A45D01034EC3 as datetime)) 

insert [PatientFlow].[Translation] 
       ([LanguageId], 
        [TranslationRefId], 
        [TranslationText], 
        [ModifiedBy], 
        [Modified]) 
values (2, 
        22, 
        N'Inténtalo De Nuevo', 
        N'Administrator', 
        Cast(0x0000A45D01034EC3 as datetime)) 

insert [PatientFlow].[Translation] 
       ([LanguageId], 
        [TranslationRefId], 
        [TranslationText], 
        [ModifiedBy], 
        [Modified]) 
values (2, 
        23, 
        N'Bienvenida', 
        N'Administrator', 
        Cast(0x0000A45D01034EC3 as datetime)) 

insert [PatientFlow].[Translation] 
       ([LanguageId], 
        [TranslationRefId], 
        [TranslationText], 
        [ModifiedBy], 
        [Modified]) 
values (2, 
        24, 
        N'Por favor, confirme su solicitud', 
        N'Administrator', 
        Cast(0x0000A45D01034EC3 as datetime)) 

go 

insert [PatientFlow].[Translation] 
       ([LanguageId], 
        [TranslationRefId], 
        [TranslationText], 
        [ModifiedBy], 
        [Modified]) 
values (2, 
        25, 
        N'Confirmar', 
        N'Administrator', 
        Cast(0x0000A45D01034EC3 as datetime)) 

insert [PatientFlow].[Translation] 
       ([LanguageId], 
        [TranslationRefId], 
        [TranslationText], 
        [ModifiedBy], 
        [Modified]) 
values (2, 
        26, 
        N'Cancelar', 
        N'Administrator', 
        Cast(0x0000A45D01034EC3 as datetime)) 

insert [PatientFlow].[Translation] 
       ([LanguageId], 
        [TranslationRefId], 
        [TranslationText], 
        [ModifiedBy], 
        [Modified]) 
values (2, 
        27, 
        N'en', 
        N'Administrator', 
        Cast(0x0000A45D01034EC3 as datetime)) 

insert [PatientFlow].[Translation] 
       ([LanguageId], 
        [TranslationRefId], 
        [TranslationText], 
        [ModifiedBy], 
        [Modified]) 
values (2, 
        28, 
        N'Por favor seleccione su fecha de nacimiento', 
        N'Administrator', 
        Cast(0x0000A45D01034EC3 as datetime)) 

insert [PatientFlow].[Translation] 
       ([LanguageId], 
        [TranslationRefId], 
        [TranslationText], 
        [ModifiedBy], 
        [Modified]) 
values (2, 
        29, 
        N'No hay ranuras disponibles', 
        N'Administrator', 
        Cast(0x0000A45D01034EC3 as datetime)) 

insert [PatientFlow].[Translation] 
       ([LanguageId], 
        [TranslationRefId], 
        [TranslationText], 
        [ModifiedBy], 
        [Modified]) 
values (2, 
        30, 
        N'¡Lo siento! ', 
        N'Administrator', 
        Cast(0x0000A45D01034EC3 as datetime)) 

insert [PatientFlow].[Translation] 
       ([LanguageId], 
        [TranslationRefId], 
        [TranslationText], 
        [ModifiedBy], 
        [Modified]) 
values (2, 
        31, 
        N'Por favor, informe a la recepción', 
        N'Administrator', 
        Cast(0x0000A45D01034EC3 as datetime)) 

insert [PatientFlow].[Translation] 
       ([LanguageId], 
        [TranslationRefId], 
        [TranslationText], 
        [ModifiedBy], 
        [Modified]) 
values (2, 
        32, 
        N'OKAY', 
        N'Administrator', 
        Cast(0x0000A45D01034EC3 as datetime)) 

insert [PatientFlow].[Translation] 
       ([LanguageId], 
        [TranslationRefId], 
        [TranslationText], 
        [ModifiedBy], 
        [Modified]) 
values (2, 
        33, 
        N'Acabado', 
        N'Administrator', 
        Cast(0x0000A45D01034EC3 as datetime)) 

insert [PatientFlow].[Translation] 
       ([LanguageId], 
        [TranslationRefId], 
        [TranslationText], 
        [ModifiedBy], 
        [Modified]) 
values (2, 
        34, 
        N'Gracias', 
        N'Administrator', 
        Cast(0x0000A45D01034EC3 as datetime)) 

insert [PatientFlow].[Translation] 
       ([LanguageId], 
        [TranslationRefId], 
        [TranslationText], 
        [ModifiedBy], 
        [Modified]) 
values (2, 
        35, 
        N'Su llegada se confirma', 
        N'Administrator', 
        Cast(0x0000A45D01034EC3 as datetime)) 

insert [PatientFlow].[Translation] 
       ([LanguageId], 
        [TranslationRefId], 
        [TranslationText], 
        [ModifiedBy], 
        [Modified]) 
values (2, 
        36, 
        N'Sí', 
        N'Administrator', 
        Cast(0x0000A45D01034EC3 as datetime)) 

insert [PatientFlow].[Translation] 
       ([LanguageId], 
        [TranslationRefId], 
        [TranslationText], 
        [ModifiedBy], 
        [Modified]) 
values (2, 
        37, 
        N'No', 
        N'Administrator', 
        Cast(0x0000A45D01034EC3 as datetime)) 

insert [PatientFlow].[Translation] 
       ([LanguageId], 
        [TranslationRefId], 
        [TranslationText], 
        [ModifiedBy], 
        [Modified]) 
values (2, 
        38, 
        N'¿Quieres participar en la encuesta?', 
        N'Administrator', 
        Cast(0x0000A45D01034EC3 as datetime)) 

insert [PatientFlow].[Translation] 
       ([LanguageId], 
        [TranslationRefId], 
        [TranslationText], 
        [ModifiedBy], 
        [Modified]) 
values (2, 
        39, 
        N'Acabado', 
        N'Administrator', 
        Cast(0x0000A45D01034EC3 as datetime)) 

insert [PatientFlow].[Translation] 
       ([LanguageId], 
        [TranslationRefId], 
        [TranslationText], 
        [ModifiedBy], 
        [Modified]) 
values (2, 
        40, 
        N'para su solicitud de cita', 
        N'Administrator', 
        Cast(0x0000A45D01034EC3 as datetime)) 

insert [PatientFlow].[Translation] 
       ([LanguageId], 
        [TranslationRefId], 
        [TranslationText], 
        [ModifiedBy], 
        [Modified]) 
values (2, 
        41, 
        N'Gracias', 
        N'Administrator', 
        Cast(0x0000A45D01034EC3 as datetime)) 

insert [PatientFlow].[Translation] 
       ([LanguageId], 
        [TranslationRefId], 
        [TranslationText], 
        [ModifiedBy], 
        [Modified]) 
values (2, 
        42, 
        N'en', 
        N'Administrator', 
        Cast(0x0000A45D01034EC3 as datetime)) 

insert [PatientFlow].[Translation] 
       ([LanguageId], 
        [TranslationRefId], 
        [TranslationText], 
        [ModifiedBy], 
        [Modified]) 
values (2, 
        43, 
        N'Gracias', 
        N'Administrator', 
        Cast(0x0000A45D01034EC3 as datetime)) 

insert [PatientFlow].[Translation] 
       ([LanguageId], 
        [TranslationRefId], 
        [TranslationText], 
        [ModifiedBy], 
        [Modified]) 
values (2, 
        44, 
        N'Acabado', 
        N'Administrator', 
        Cast(0x0000A45D01034EC3 as datetime)) 

insert [PatientFlow].[Translation] 
       ([LanguageId], 
        [TranslationRefId], 
        [TranslationText], 
        [ModifiedBy], 
        [Modified]) 
values (2, 
        45, 
        N'Su estudio ha sido registrado', 
        N'Administrator', 
        Cast(0x0000A45D01034EC3 as datetime)) 

insert [PatientFlow].[Translation] 
       ([LanguageId], 
        [TranslationRefId], 
        [TranslationText], 
        [ModifiedBy], 
        [Modified]) 
values (2, 
        46, 
        N'Por favor, seleccione la primera letra de su apellido', 
        N'Administrator', 
        Cast(0x0000A45D01034EC3 as datetime)) 

insert [PatientFlow].[Translation] 
       ([LanguageId], 
        [TranslationRefId], 
        [TranslationText], 
        [ModifiedBy], 
        [Modified]) 
values (2, 
        47, 
        N'Por favor, seleccione la primera letra de su apellido', 
        N'Administrator', 
        Cast(0x0000A45D01034EC3 as datetime)) 

insert [PatientFlow].[Translation] 
       ([LanguageId], 
        [TranslationRefId], 
        [TranslationText], 
        [ModifiedBy], 
        [Modified]) 
values (2, 
        48, 
        N'Ingrese la fecha de nacimiento', 
        N'Administrator', 
        Cast(0x0000A45D01034EC3 as datetime)) 

insert [PatientFlow].[Translation] 
       ([LanguageId], 
        [TranslationRefId], 
        [TranslationText], 
        [ModifiedBy], 
        [Modified]) 
values (2, 
        49, 
        N'Día', 
        N'Administrator', 
        Cast(0x0000A45D01034EC3 as datetime)) 

insert [PatientFlow].[Translation] 
       ([LanguageId], 
        [TranslationRefId], 
        [TranslationText], 
        [ModifiedBy], 
        [Modified]) 
values (2, 
        50, 
        N'Mes', 
        N'Administrator', 
        Cast(0x0000A45D01034EC3 as datetime)) 

insert [PatientFlow].[Translation] 
       ([LanguageId], 
        [TranslationRefId], 
        [TranslationText], 
        [ModifiedBy], 
        [Modified]) 
values (2, 
        51, 
        N'Año', 
        N'Administrator', 
        Cast(0x0000A45D01034EC3 as datetime)) 

insert [PatientFlow].[Translation] 
       ([LanguageId], 
        [TranslationRefId], 
        [TranslationText], 
        [ModifiedBy], 
        [Modified]) 
values (2, 
        52, 
        N'Siguiente', 
        N'Administrator', 
        Cast(0x0000A45D01034EC3 as datetime)) 

insert [PatientFlow].[Translation] 
       ([LanguageId], 
        [TranslationRefId], 
        [TranslationText], 
        [ModifiedBy], 
        [Modified]) 
values (2, 
        53, 
        N'Por favor seleccione su género', 
        N'Administrator', 
        Cast(0x0000A45D01034EC3 as datetime)) 

insert [PatientFlow].[Translation] 
       ([LanguageId], 
        [TranslationRefId], 
        [TranslationText], 
        [ModifiedBy], 
        [Modified]) 
values (2, 
        54, 
        N'Masculino', 
        N'Administrator', 
        Cast(0x0000A45D01034EC3 as datetime)) 

insert [PatientFlow].[Translation] 
       ([LanguageId], 
        [TranslationRefId], 
        [TranslationText], 
        [ModifiedBy], 
        [Modified]) 
values (2, 
        55, 
        N'Femenino', 
        N'Administrator', 
        Cast(0x0000A45D01034EC3 as datetime)) 

insert [PatientFlow].[Translation] 
       ([LanguageId], 
        [TranslationRefId], 
        [TranslationText], 
        [ModifiedBy], 
        [Modified]) 
values (2, 
        56, 
        N'Omitir', 
        N'Administrator', 
        Cast(0x0000A45D01034EC3 as datetime)) 

insert [PatientFlow].[Translation] 
       ([LanguageId], 
        [TranslationRefId], 
        [TranslationText], 
        [ModifiedBy], 
        [Modified]) 
values (2, 
        57, 
        N'QUIOSCO Hibernating ....', 
        N'Administrator', 
        Cast(0x0000A45D01034EC3 as datetime)) 

insert [PatientFlow].[Translation] 
       ([LanguageId], 
        [TranslationRefId], 
        [TranslationText], 
        [ModifiedBy], 
        [Modified]) 
values (2, 
        58, 
        N'En el tiempo de espera ...', 
        N'Administrator', 
        Cast(0x0000A45D01034EC3 as datetime)) 

insert [PatientFlow].[Translation] 
       ([LanguageId], 
        [TranslationRefId], 
        [TranslationText], 
        [ModifiedBy], 
        [Modified]) 
values (2, 
        59, 
        N'Bienvenido a', 
        N'Administrator', 
        Cast(0x0000A45D01034EC3 as datetime)) 

insert [PatientFlow].[Translation] 
       ([LanguageId], 
        [TranslationRefId], 
        [TranslationText], 
        [ModifiedBy], 
        [Modified]) 
values (2, 
        60, 
        N'seleccionar un idioma para comenzar', 
        N'Administrator', 
        Cast(0x0000A45D01034EC3 as datetime)) 

insert [PatientFlow].[Translation] 
       ([LanguageId], 
        [TranslationRefId], 
        [TranslationText], 
        [ModifiedBy], 
        [Modified]) 
values (2, 
        61, 
        N'Por favor seleccione una opción', 
        N'Administrator', 
        Cast(0x0000A45D01034EC3 as datetime)) 

insert [PatientFlow].[Translation] 
       ([LanguageId], 
        [TranslationRefId], 
        [TranslationText], 
        [ModifiedBy], 
        [Modified]) 
values (2, 
        62, 
        N'Por favor seleccione su mes de nacimiento', 
        N'Administrator', 
        Cast(0x0000A45D01034EC3 as datetime)) 

insert [PatientFlow].[Translation] 
       ([LanguageId], 
        [TranslationRefId], 
        [TranslationText], 
        [ModifiedBy], 
        [Modified]) 
values (2, 
        63, 
        N'Para empezar, por favor seleccione una de las siguientes opciones', 
        N'Administrator', 
        Cast(0x0000A45D01034EC3 as datetime)) 

insert [PatientFlow].[Translation] 
       ([LanguageId], 
        [TranslationRefId], 
        [TranslationText], 
        [ModifiedBy], 
        [Modified]) 
values (2, 
        64, 
        N'Bienvenido a', 
        N'Administrator', 
        Cast(0x0000A45D01034EC3 as datetime)) 

insert [PatientFlow].[Translation] 
       ([LanguageId], 
        [TranslationRefId], 
        [TranslationText], 
        [ModifiedBy], 
        [Modified]) 
values (2, 
        65, 
        N'Seleccione un tipo de ranura', 
        N'Administrator', 
        Cast(0x0000A45D01034EC3 as datetime)) 

insert [PatientFlow].[Translation] 
       ([LanguageId], 
        [TranslationRefId], 
        [TranslationText], 
        [ModifiedBy], 
        [Modified]) 
values (2, 
        66, 
        N'Siguiente', 
        N'Administrator', 
        Cast(0x0000A45D01034EC3 as datetime)) 

insert [PatientFlow].[Translation] 
       ([LanguageId], 
        [TranslationRefId], 
        [TranslationText], 
        [ModifiedBy], 
        [Modified]) 
values (2, 
        67, 
        N'Por favor responda a las siguientes preguntas', 
        N'Administrator', 
        Cast(0x0000A45D01034EC3 as datetime)) 

insert [PatientFlow].[Translation] 
       ([LanguageId], 
        [TranslationRefId], 
        [TranslationText], 
        [ModifiedBy], 
        [Modified]) 
values (2, 
        68, 
        N'Omitir', 
        N'Administrator', 
        Cast(0x0000A45D01034EC3 as datetime)) 

insert [PatientFlow].[Translation] 
       ([LanguageId], 
        [TranslationRefId], 
        [TranslationText], 
        [ModifiedBy], 
        [Modified]) 
values (2, 
        69, 
        N'Por favor elija una opción', 
        N'Administrator', 
        Cast(0x0000A45D01034EC3 as datetime)) 

insert [PatientFlow].[Translation] 
       ([LanguageId], 
        [TranslationRefId], 
        [TranslationText], 
        [ModifiedBy], 
        [Modified]) 
values (2, 
        70, 
        N'Encuestas disponible en este momento', 
        N'Administrator', 
        Cast(0x0000A45D01034EC3 as datetime)) 

insert [PatientFlow].[Translation] 
       ([LanguageId], 
        [TranslationRefId], 
        [TranslationText], 
        [ModifiedBy], 
        [Modified]) 
values (2, 
        71, 
        N'Por favor seleccione su año de nacimiento', 
        N'Administrator', 
        Cast(0x0000A45D01034EC3 as datetime)) 

insert [PatientFlow].[Translation] 
       ([LanguageId], 
        [TranslationRefId], 
        [TranslationText], 
        [ModifiedBy], 
        [Modified]) 
values (2, 
        72, 
        N'OKAY', 
        N'Administrator', 
        Cast(0x0000A45D01034EC3 as datetime)) 

insert [PatientFlow].[Translation] 
       ([LanguageId], 
        [TranslationRefId], 
        [TranslationText], 
        [ModifiedBy], 
        [Modified]) 
values (2, 
        73, 
        N'Ninguna de las anteriores', 
        N'Administrator', 
        Cast(0x0000A45D01034EC3 as datetime)) 

insert [PatientFlow].[Translation] 
       ([LanguageId], 
        [TranslationRefId], 
        [TranslationText], 
        [ModifiedBy], 
        [Modified]) 
values (2, 
        74, 
        N'Año Not Found', 
        N'Administrator', 
        Cast(0x0000A45D01034EC3 as datetime)) 

insert [PatientFlow].[Translation] 
       ([LanguageId], 
        [TranslationRefId], 
        [TranslationText], 
        [ModifiedBy], 
        [Modified]) 
values (2, 
        75, 
        N'Por favor, póngase en contacto con recepción', 
        N'Administrator', 
        Cast(0x0000A45D01034EC3 as datetime)) 

insert [PatientFlow].[Translation] 
       ([LanguageId], 
        [TranslationRefId], 
        [TranslationText], 
        [ModifiedBy], 
        [Modified]) 
values (2, 
        77, 
        N'español', 
        null, 
        Cast(0x0000A45D01034EC3 as datetime)) 

insert [PatientFlow].[Translation] 
       ([LanguageId], 
        [TranslationRefId], 
        [TranslationText], 
        [ModifiedBy], 
        [Modified]) 
values (3, 
        1, 
        N'Arrivée', 
        N'Administrator', 
        Cast(0x0000A45D0104B5FC as datetime)) 

insert [PatientFlow].[Translation] 
       ([LanguageId], 
        [TranslationRefId], 
        [TranslationText], 
        [ModifiedBy], 
        [Modified]) 
values (3, 
        2, 
        N'Enquête', 
        N'Administrator', 
        Cast(0x0000A45D0104B5FC as datetime)) 

insert [PatientFlow].[Translation] 
       ([LanguageId], 
        [TranslationRefId], 
        [TranslationText], 
        [ModifiedBy], 
        [Modified]) 
values (3, 
        3, 
        N'Plan du site', 
        N'Administrator', 
        Cast(0x0000A45D0104B5FC as datetime)) 

insert [PatientFlow].[Translation] 
       ([LanguageId], 
        [TranslationRefId], 
        [TranslationText], 
        [ModifiedBy], 
        [Modified]) 
values (3, 
        4, 
        N'Prenez un rendez-', 
        N'Administrator', 
        Cast(0x0000A45D0104B5FC as datetime)) 

insert [PatientFlow].[Translation] 
       ([LanguageId], 
        [TranslationRefId], 
        [TranslationText], 
        [ModifiedBy], 
        [Modified]) 
values (3, 
        5, 
        N'Rendez-vous pour', 
        N'Administrator', 
        Cast(0x0000A45D0104B5FC as datetime)) 

insert [PatientFlow].[Translation] 
       ([LanguageId], 
        [TranslationRefId], 
        [TranslationText], 
        [ModifiedBy], 
        [Modified]) 
values (3, 
        6, 
        N'Confirmer', 
        N'Administrator', 
        Cast(0x0000A45D0104B5FC as datetime)) 

insert [PatientFlow].[Translation] 
       ([LanguageId], 
        [TranslationRefId], 
        [TranslationText], 
        [ModifiedBy], 
        [Modified]) 
values (3, 
        7, 
        N'Annuler', 
        N'Administrator', 
        Cast(0x0000A45D0104B5FC as datetime)) 

insert [PatientFlow].[Translation] 
       ([LanguageId], 
        [TranslationRefId], 
        [TranslationText], 
        [ModifiedBy], 
        [Modified]) 
values (3, 
        8, 
        N'Désolé, nous sommes incapables de trouver vos coordonnées', 
        N'Administrator', 
        Cast(0x0000A45D0104B5FC as datetime)) 

insert [PatientFlow].[Translation] 
       ([LanguageId], 
        [TranslationRefId], 
        [TranslationText], 
        [ModifiedBy], 
        [Modified]) 
values (3, 
        9, 
N'Se il vous plaît contacter la réception ou Cliquez sur le bouton ci-dessous pour essayer à nouveau' 
        , 
N'Administrator', 
Cast(0x0000A45D0104B5FC as datetime)) 

insert [PatientFlow].[Translation] 
       ([LanguageId], 
        [TranslationRefId], 
        [TranslationText], 
        [ModifiedBy], 
        [Modified]) 
values (3, 
        10, 
        N'Essayer À Nouveau', 
        N'Administrator', 
        Cast(0x0000A45D0104B5FC as datetime)) 

insert [PatientFlow].[Translation] 
       ([LanguageId], 
        [TranslationRefId], 
        [TranslationText], 
        [ModifiedBy], 
        [Modified]) 
values (3, 
        11, 
        N'Confirmez Tous', 
        N'Administrator', 
        Cast(0x0000A45D0104B5FC as datetime)) 

insert [PatientFlow].[Translation] 
       ([LanguageId], 
        [TranslationRefId], 
        [TranslationText], 
        [ModifiedBy], 
        [Modified]) 
values (3, 
        12, 
        N'Arrivée tôt', 
        N'Administrator', 
        Cast(0x0000A45D0104B5FC as datetime)) 

insert [PatientFlow].[Translation] 
       ([LanguageId], 
        [TranslationRefId], 
        [TranslationText], 
        [ModifiedBy], 
        [Modified]) 
values (3, 
        13, 
N'Désolé, votre rendez-vous est  Temps , nous sommes incapables de vous enregistrer jusqu''à  earlyarrivaltime  minutes avant votre rendez-vous. ' 
        , 
N'Administrator', 
Cast(0x0000A45D0104B5FC as datetime)) 

insert [PatientFlow].[Translation] 
       ([LanguageId], 
        [TranslationRefId], 
        [TranslationText], 
        [ModifiedBy], 
        [Modified]) 
values (3, 
        14, 
        N'Arrivée tardive', 
        N'Administrator', 
        Cast(0x0000A45D0104B5FC as datetime)) 

insert [PatientFlow].[Translation] 
       ([LanguageId], 
        [TranslationRefId], 
        [TranslationText], 
        [ModifiedBy], 
        [Modified]) 
values (3, 
        15, 
N'Désolé, votre rendez-vous du  temps  a passé et nous sommes incapables de vérifier en vous. Se il vous plaît contacter la réception'
        , 
N'Administrator', 
Cast(0x0000A45D0104B5FC as datetime)) 

insert [PatientFlow].[Translation] 
       ([LanguageId], 
        [TranslationRefId], 
        [TranslationText], 
        [ModifiedBy], 
        [Modified]) 
values (3, 
        16, 
        N'D''ACCORD', 
        N'Administrator', 
        Cast(0x0000A45D0104B5FC as datetime)) 

insert [PatientFlow].[Translation] 
       ([LanguageId], 
        [TranslationRefId], 
        [TranslationText], 
        [ModifiedBy], 
        [Modified]) 
values (3, 
        17, 
        N'Désolé! ', 
        N'Administrator', 
        Cast(0x0000A45D0104B5FC as datetime)) 

insert [PatientFlow].[Translation] 
       ([LanguageId], 
        [TranslationRefId], 
        [TranslationText], 
        [ModifiedBy], 
        [Modified]) 
values (3, 
        18, 
        N'Se il vous plaît présenter à l''accueil', 
        N'Administrator', 
        Cast(0x0000A45D0104B5FC as datetime)) 

insert [PatientFlow].[Translation] 
       ([LanguageId], 
        [TranslationRefId], 
        [TranslationText], 
        [ModifiedBy], 
        [Modified]) 
values (3, 
        19, 
        N'Se il vous plaît sélectionner un jour préféré', 
        N'Administrator', 
        Cast(0x0000A464014D7103 as datetime)) 

insert [PatientFlow].[Translation] 
       ([LanguageId], 
        [TranslationRefId], 
        [TranslationText], 
        [ModifiedBy], 
        [Modified]) 
values (3, 
        20, 
        N'Désolé, nous sommes incapables de trouver vos coordonnées', 
        N'Administrator', 
        Cast(0x0000A464014D7103 as datetime)) 

insert [PatientFlow].[Translation] 
       ([LanguageId], 
        [TranslationRefId], 
        [TranslationText], 
        [ModifiedBy], 
        [Modified]) 
values (3, 
        21, 
N'Se il vous plaît contacter la réception ou Cliquez sur le bouton ci-dessous pour essayer à nouveau' 
        , 
N'Administrator', 
Cast(0x0000A464014D7103 as datetime)) 

insert [PatientFlow].[Translation] 
       ([LanguageId], 
        [TranslationRefId], 
        [TranslationText], 
        [ModifiedBy], 
        [Modified]) 
values (3, 
        22, 
        N'Essayer À Nouve', 
        N'Administrator', 
        Cast(0x0000A464014D7103 as datetime)) 

insert [PatientFlow].[Translation] 
       ([LanguageId], 
        [TranslationRefId], 
        [TranslationText], 
        [ModifiedBy], 
        [Modified]) 
values (3, 
        23, 
        N'Bienvenue', 
        N'Administrator', 
        Cast(0x0000A464014D7103 as datetime)) 

insert [PatientFlow].[Translation] 
       ([LanguageId], 
        [TranslationRefId], 
        [TranslationText], 
        [ModifiedBy], 
        [Modified]) 
values (3, 
        24, 
        N'Se il vous plaît confirmer votre demande', 
        N'Administrator', 
        Cast(0x0000A45D0104B5FC as datetime)) 

insert [PatientFlow].[Translation] 
       ([LanguageId], 
        [TranslationRefId], 
        [TranslationText], 
        [ModifiedBy], 
        [Modified]) 
values (3, 
        25, 
        N'Confirmer', 
        N'Administrator', 
        Cast(0x0000A45D0104B5FC as datetime)) 

insert [PatientFlow].[Translation] 
       ([LanguageId], 
        [TranslationRefId], 
        [TranslationText], 
        [ModifiedBy], 
        [Modified]) 
values (3, 
        26, 
        N'Annuler', 
        N'Administrator', 
        Cast(0x0000A45D0104B5FC as datetime)) 

insert [PatientFlow].[Translation] 
       ([LanguageId], 
        [TranslationRefId], 
        [TranslationText], 
        [ModifiedBy], 
        [Modified]) 
values (3, 
        27, 
        N'à', 
        N'Administrator', 
        Cast(0x0000A45D0104B5FC as datetime)) 

insert [PatientFlow].[Translation] 
       ([LanguageId], 
        [TranslationRefId], 
        [TranslationText], 
        [ModifiedBy], 
        [Modified]) 
values (3, 
        28, 
        N'Se il vous plaît sélectionnez votre jour de naissance', 
        N'Administrator', 
        Cast(0x0000A45D0104B5FC as datetime)) 

insert [PatientFlow].[Translation] 
       ([LanguageId], 
        [TranslationRefId], 
        [TranslationText], 
        [ModifiedBy], 
        [Modified]) 
values (3, 
        29, 
        N'Pas de créneaux disponibles', 
        N'Administrator', 
        Cast(0x0000A45D0104B5FC as datetime)) 

insert [PatientFlow].[Translation] 
       ([LanguageId], 
        [TranslationRefId], 
        [TranslationText], 
        [ModifiedBy], 
        [Modified]) 
values (3, 
        30, 
        N'Désolé! ', 
        N'Administrator', 
        Cast(0x0000A45D0104B5FC as datetime)) 

insert [PatientFlow].[Translation] 
       ([LanguageId], 
        [TranslationRefId], 
        [TranslationText], 
        [ModifiedBy], 
        [Modified]) 
values (3, 
        31, 
        N'Se il vous plaît présenter à l''accueil', 
        N'Administrator', 
        Cast(0x0000A45D0104B5FC as datetime)) 

insert [PatientFlow].[Translation] 
       ([LanguageId], 
        [TranslationRefId], 
        [TranslationText], 
        [ModifiedBy], 
        [Modified]) 
values (3, 
        32, 
        N'D''ACCORD', 
        N'Administrator', 
        Cast(0x0000A45D0104B5FC as datetime)) 

insert [PatientFlow].[Translation] 
       ([LanguageId], 
        [TranslationRefId], 
        [TranslationText], 
        [ModifiedBy], 
        [Modified]) 
values (3, 
        33, 
        N'Finition', 
        N'Administrator', 
        Cast(0x0000A45D0104B5FC as datetime)) 

insert [PatientFlow].[Translation] 
       ([LanguageId], 
        [TranslationRefId], 
        [TranslationText], 
        [ModifiedBy], 
        [Modified]) 
values (3, 
        34, 
        N'Merci', 
        N'Administrator', 
        Cast(0x0000A45D0104B5FC as datetime)) 

insert [PatientFlow].[Translation] 
       ([LanguageId], 
        [TranslationRefId], 
        [TranslationText], 
        [ModifiedBy], 
        [Modified]) 
values (3, 
        35, 
        N'Votre arrivée est confirmée', 
        N'Administrator', 
        Cast(0x0000A45D0104B5FC as datetime)) 

insert [PatientFlow].[Translation] 
       ([LanguageId], 
        [TranslationRefId], 
        [TranslationText], 
        [ModifiedBy], 
        [Modified]) 
values (3, 
        36, 
        N'Oui', 
        N'Administrator', 
        Cast(0x0000A45D0104B5FC as datetime)) 

insert [PatientFlow].[Translation] 
       ([LanguageId], 
        [TranslationRefId], 
        [TranslationText], 
        [ModifiedBy], 
        [Modified]) 
values (3, 
        37, 
        N'Aucun', 
        N'Administrator', 
        Cast(0x0000A45D0104B5FC as datetime)) 

insert [PatientFlow].[Translation] 
       ([LanguageId], 
        [TranslationRefId], 
        [TranslationText], 
        [ModifiedBy], 
        [Modified]) 
values (3, 
        38, 
        N'Voulez-vous participer à l''enquête?', 
        N'Administrator', 
        Cast(0x0000A45D0104B5FC as datetime)) 

insert [PatientFlow].[Translation] 
       ([LanguageId], 
        [TranslationRefId], 
        [TranslationText], 
        [ModifiedBy], 
        [Modified]) 
values (3, 
        39, 
        N'Finition', 
        N'Administrator', 
        Cast(0x0000A45D0104B5FC as datetime)) 

insert [PatientFlow].[Translation] 
       ([LanguageId], 
        [TranslationRefId], 
        [TranslationText], 
        [ModifiedBy], 
        [Modified]) 
values (3, 
        40, 
        N'pour votre demande de rendez-', 
        N'Administrator', 
        Cast(0x0000A45D0104B5FC as datetime)) 

insert [PatientFlow].[Translation] 
       ([LanguageId], 
        [TranslationRefId], 
        [TranslationText], 
        [ModifiedBy], 
        [Modified]) 
values (3, 
        41, 
        N'Merci', 
        N'Administrator', 
        Cast(0x0000A45D0104B5FC as datetime)) 

insert [PatientFlow].[Translation] 
       ([LanguageId], 
        [TranslationRefId], 
        [TranslationText], 
        [ModifiedBy], 
        [Modified]) 
values (3, 
        42, 
        N'à', 
        N'Administrator', 
        Cast(0x0000A45D0104B5FC as datetime)) 

insert [PatientFlow].[Translation] 
       ([LanguageId], 
        [TranslationRefId], 
        [TranslationText], 
        [ModifiedBy], 
        [Modified]) 
values (3, 
        43, 
        N'Merci', 
        N'Administrator', 
        Cast(0x0000A45D0104B5FC as datetime)) 

insert [PatientFlow].[Translation] 
       ([LanguageId], 
        [TranslationRefId], 
        [TranslationText], 
        [ModifiedBy], 
        [Modified]) 
values (3, 
        44, 
        N'Finition', 
        N'Administrator', 
        Cast(0x0000A45D0104B5FC as datetime)) 

insert [PatientFlow].[Translation] 
       ([LanguageId], 
        [TranslationRefId], 
        [TranslationText], 
        [ModifiedBy], 
        [Modified]) 
values (3, 
        45, 
        N'Votre enquête a été enregistrée', 
        N'Administrator', 
        Cast(0x0000A45D0104B5FC as datetime)) 

insert [PatientFlow].[Translation] 
       ([LanguageId], 
        [TranslationRefId], 
        [TranslationText], 
        [ModifiedBy], 
        [Modified]) 
values (3, 
        46, 
        N'Se il vous plaît sélectionnez première lettre de votre prénom', 
        N'Administrator', 
        Cast(0x0000A45D0104B5FC as datetime)) 

insert [PatientFlow].[Translation] 
       ([LanguageId], 
        [TranslationRefId], 
        [TranslationText], 
        [ModifiedBy], 
        [Modified]) 
values (3, 
        47, 
        N'Se il vous plaît sélectionnez première lettre de votre nom', 
        N'Administrator', 
        Cast(0x0000A45D0104B5FC as datetime)) 

insert [PatientFlow].[Translation] 
       ([LanguageId], 
        [TranslationRefId], 
        [TranslationText], 
        [ModifiedBy], 
        [Modified]) 
values (3, 
        48, 
        N'Entrez la date de naissance', 
        N'Administrator', 
        Cast(0x0000A45D0104B5FC as datetime)) 

go 

insert [PatientFlow].[Translation] 
       ([LanguageId], 
        [TranslationRefId], 
        [TranslationText], 
        [ModifiedBy], 
        [Modified]) 
values (3, 
        49, 
        N'Jour', 
        N'Administrator', 
        Cast(0x0000A45D0104B5FC as datetime)) 

insert [PatientFlow].[Translation] 
       ([LanguageId], 
        [TranslationRefId], 
        [TranslationText], 
        [ModifiedBy], 
        [Modified]) 
values (3, 
        50, 
        N'Mois', 
        N'Administrator', 
        Cast(0x0000A45D0104B5FC as datetime)) 

insert [PatientFlow].[Translation] 
       ([LanguageId], 
        [TranslationRefId], 
        [TranslationText], 
        [ModifiedBy], 
        [Modified]) 
values (3, 
        51, 
        N'Année', 
        N'Administrator', 
        Cast(0x0000A45D0104B5FC as datetime)) 

insert [PatientFlow].[Translation] 
       ([LanguageId], 
        [TranslationRefId], 
        [TranslationText], 
        [ModifiedBy], 
        [Modified]) 
values (3, 
        52, 
        N'Suivant', 
        N'Administrator', 
        Cast(0x0000A45D0104B5FC as datetime)) 

insert [PatientFlow].[Translation] 
       ([LanguageId], 
        [TranslationRefId], 
        [TranslationText], 
        [ModifiedBy], 
        [Modified]) 
values (3, 
        53, 
        N'Se il vous plaît sélectionnez votre sexe', 
        N'Administrator', 
        Cast(0x0000A45D0104B5FC as datetime)) 

insert [PatientFlow].[Translation] 
       ([LanguageId], 
        [TranslationRefId], 
        [TranslationText], 
        [ModifiedBy], 
        [Modified]) 
values (3, 
        54, 
        N'Mâle', 
        N'Administrator', 
        Cast(0x0000A45D0104B5FC as datetime)) 

insert [PatientFlow].[Translation] 
       ([LanguageId], 
        [TranslationRefId], 
        [TranslationText], 
        [ModifiedBy], 
        [Modified]) 
values (3, 
        55, 
        N'Femelle', 
        N'Administrator', 
        Cast(0x0000A45D0104B5FC as datetime)) 

insert [PatientFlow].[Translation] 
       ([LanguageId], 
        [TranslationRefId], 
        [TranslationText], 
        [ModifiedBy], 
        [Modified]) 
values (3, 
        56, 
        N'Sauter', 
        N'Administrator', 
        Cast(0x0000A45D0104B5FC as datetime)) 

insert [PatientFlow].[Translation] 
       ([LanguageId], 
        [TranslationRefId], 
        [TranslationText], 
        [ModifiedBy], 
        [Modified]) 
values (3, 
        57, 
        N'KIOSK hibernation ....', 
        N'Administrator', 
        Cast(0x0000A45D0104B5FC as datetime)) 

insert [PatientFlow].[Translation] 
       ([LanguageId], 
        [TranslationRefId], 
        [TranslationText], 
        [ModifiedBy], 
        [Modified]) 
values (3, 
        58, 
        N'Timing Out In ...', 
        N'Administrator', 
        Cast(0x0000A45D0104B5FC as datetime)) 

insert [PatientFlow].[Translation] 
       ([LanguageId], 
        [TranslationRefId], 
        [TranslationText], 
        [ModifiedBy], 
        [Modified]) 
values (3, 
        59, 
        N'Bienvenue à', 
        N'Administrator', 
        Cast(0x0000A45D0104B5FC as datetime)) 

insert [PatientFlow].[Translation] 
       ([LanguageId], 
        [TranslationRefId], 
        [TranslationText], 
        [ModifiedBy], 
        [Modified]) 
values (3, 
        60, 
        N'sélectionner une langue pour commencer', 
        N'Administrator', 
        Cast(0x0000A45D0104B5FC as datetime)) 

insert [PatientFlow].[Translation] 
       ([LanguageId], 
        [TranslationRefId], 
        [TranslationText], 
        [ModifiedBy], 
        [Modified]) 
values (3, 
        61, 
        N'Se il vous plaît sélectionner une option', 
        N'Administrator', 
        Cast(0x0000A45D0104B5FC as datetime)) 

insert [PatientFlow].[Translation] 
       ([LanguageId], 
        [TranslationRefId], 
        [TranslationText], 
        [ModifiedBy], 
        [Modified]) 
values (3, 
        62, 
        N'Se il vous plaît sélectionnez votre mois de naissance', 
        N'Administrator', 
        Cast(0x0000A45D0104B5FC as datetime)) 

insert [PatientFlow].[Translation] 
       ([LanguageId], 
        [TranslationRefId], 
        [TranslationText], 
        [ModifiedBy], 
        [Modified]) 
values (3, 
        63, 
N'Pour commencer, se il vous plaît sélectionnez l''une des options ci-dessous' 
        , 
N'Administrator', 
Cast(0x0000A45D0104B5FC as datetime)) 

insert [PatientFlow].[Translation] 
       ([LanguageId], 
        [TranslationRefId], 
        [TranslationText], 
        [ModifiedBy], 
        [Modified]) 
values (3, 
        64, 
        N'Bienvenue à', 
        N'Administrator', 
        Cast(0x0000A45D0104B5FC as datetime)) 

insert [PatientFlow].[Translation] 
       ([LanguageId], 
        [TranslationRefId], 
        [TranslationText], 
        [ModifiedBy], 
        [Modified]) 
values (3, 
        65, 
        N'Se il vous plaît sélectionner un type de logement', 
        N'Administrator', 
        Cast(0x0000A45D0104B5FC as datetime)) 

insert [PatientFlow].[Translation] 
       ([LanguageId], 
        [TranslationRefId], 
        [TranslationText], 
        [ModifiedBy], 
        [Modified]) 
values (3, 
        66, 
        N'Suivant', 
        N'Administrator', 
        Cast(0x0000A45D0104B5FC as datetime)) 

insert [PatientFlow].[Translation] 
       ([LanguageId], 
        [TranslationRefId], 
        [TranslationText], 
        [ModifiedBy], 
        [Modified]) 
values (3, 
        67, 
        N'Se il vous plaît répondre aux questions suivantes', 
        N'Administrator', 
        Cast(0x0000A45D0104B5FC as datetime)) 

insert [PatientFlow].[Translation] 
       ([LanguageId], 
        [TranslationRefId], 
        [TranslationText], 
        [ModifiedBy], 
        [Modified]) 
values (3, 
        68, 
        N'Sauter', 
        N'Administrator', 
        Cast(0x0000A45D0104B5FC as datetime)) 

insert [PatientFlow].[Translation] 
       ([LanguageId], 
        [TranslationRefId], 
        [TranslationText], 
        [ModifiedBy], 
        [Modified]) 
values (3, 
        69, 
        N'Se il vous plaît choisir une option', 
        N'Administrator', 
        Cast(0x0000A45D0104B5FC as datetime)) 

insert [PatientFlow].[Translation] 
       ([LanguageId], 
        [TranslationRefId], 
        [TranslationText], 
        [ModifiedBy], 
        [Modified]) 
values (3, 
        70, 
        N'Enquêtes actuellement indisponibles', 
        N'Administrator', 
        Cast(0x0000A45D0104B5FC as datetime)) 

insert [PatientFlow].[Translation] 
       ([LanguageId], 
        [TranslationRefId], 
        [TranslationText], 
        [ModifiedBy], 
        [Modified]) 
values (3, 
        71, 
        N'Se il vous plaît sélectionner votre année de naissance', 
        N'Administrator', 
        Cast(0x0000A45D0104B5FC as datetime)) 

insert [PatientFlow].[Translation] 
       ([LanguageId], 
        [TranslationRefId], 
        [TranslationText], 
        [ModifiedBy], 
        [Modified]) 
values (3, 
        72, 
        N'D''ACCORD', 
        N'Administrator', 
        Cast(0x0000A45D0104B5FC as datetime)) 

insert [PatientFlow].[Translation] 
       ([LanguageId], 
        [TranslationRefId], 
        [TranslationText], 
        [ModifiedBy], 
        [Modified]) 
values (3, 
        73, 
        N'Aucune de ces réponses', 
        N'Administrator', 
        Cast(0x0000A45D0104B5FC as datetime)) 

insert [PatientFlow].[Translation] 
       ([LanguageId], 
        [TranslationRefId], 
        [TranslationText], 
        [ModifiedBy], 
        [Modified]) 
values (3, 
        74, 
        N'Année Introuvable', 
        N'Administrator', 
        Cast(0x0000A45D0104B5FC as datetime)) 

insert [PatientFlow].[Translation] 
       ([LanguageId], 
        [TranslationRefId], 
        [TranslationText], 
        [ModifiedBy], 
        [Modified]) 
values (3, 
        75, 
        N'Se il vous plaît contacter la réception', 
        N'Administrator', 
        Cast(0x0000A45D0104B5FC as datetime)) 

insert [PatientFlow].[Translation] 
       ([LanguageId], 
        [TranslationRefId], 
        [TranslationText], 
        [ModifiedBy], 
        [Modified]) 
values (3, 
        78, 
        N'français', 
        null, 
        Cast(0x0000A45D0104B5FC as datetime)) 

insert [PatientFlow].[Translation] 
       ([LanguageId], 
        [TranslationRefId], 
        [TranslationText], 
        [ModifiedBy], 
        [Modified]) 
values (4, 
        1, 
        N'Ankunft', 
        N'Administrator', 
        Cast(0x0000A45D01061D67 as datetime)) 

insert [PatientFlow].[Translation] 
       ([LanguageId], 
        [TranslationRefId], 
        [TranslationText], 
        [ModifiedBy], 
        [Modified]) 
values (4, 
        2, 
        N'Umfrage', 
        N'Administrator', 
        Cast(0x0000A45D01061D67 as datetime)) 

insert [PatientFlow].[Translation] 
       ([LanguageId], 
        [TranslationRefId], 
        [TranslationText], 
        [ModifiedBy], 
        [Modified]) 
values (4, 
        3, 
        N'Sitemap', 
        N'Administrator', 
        Cast(0x0000A45D01061D67 as datetime)) 

insert [PatientFlow].[Translation] 
       ([LanguageId], 
        [TranslationRefId], 
        [TranslationText], 
        [ModifiedBy], 
        [Modified]) 
values (4, 
        4, 
        N'Termin vereinbaren', 
        N'Administrator', 
        Cast(0x0000A45D01061D67 as datetime)) 

insert [PatientFlow].[Translation] 
       ([LanguageId], 
        [TranslationRefId], 
        [TranslationText], 
        [ModifiedBy], 
        [Modified]) 
values (4, 
        5, 
        N'Termine für', 
        N'Administrator', 
        Cast(0x0000A45D01061D67 as datetime)) 

insert [PatientFlow].[Translation] 
       ([LanguageId], 
        [TranslationRefId], 
        [TranslationText], 
        [ModifiedBy], 
        [Modified]) 
values (4, 
        6, 
        N'Bestätigen', 
        N'Administrator', 
        Cast(0x0000A45D01061D67 as datetime)) 

insert [PatientFlow].[Translation] 
       ([LanguageId], 
        [TranslationRefId], 
        [TranslationText], 
        [ModifiedBy], 
        [Modified]) 
values (4, 
        7, 
        N'Rückgängig Machen', 
        N'Administrator', 
        Cast(0x0000A45D01061D67 as datetime)) 

insert [PatientFlow].[Translation] 
       ([LanguageId], 
        [TranslationRefId], 
        [TranslationText], 
        [ModifiedBy], 
        [Modified]) 
values (4, 
        8, 
        N'Traurig sind wir nicht in der Lage, Ihre Daten zu finden', 
        N'Administrator', 
        Cast(0x0000A45D01061D67 as datetime)) 

insert [PatientFlow].[Translation] 
       ([LanguageId], 
        [TranslationRefId], 
        [TranslationText], 
        [ModifiedBy], 
        [Modified]) 
values (4, 
        9, 
N'Bitte kontaktieren Rezeption oder Klicken Sie auf die Schaltfläche unten, um es erneut zu versuchen'
        , 
N'Administrator', 
Cast(0x0000A45D01061D67 as datetime)) 

insert [PatientFlow].[Translation] 
       ([LanguageId], 
        [TranslationRefId], 
        [TranslationText], 
        [ModifiedBy], 
        [Modified]) 
values (4, 
        10, 
        N'Erneut Versuchen', 
        N'Administrator', 
        Cast(0x0000A45D01061D67 as datetime)) 

insert [PatientFlow].[Translation] 
       ([LanguageId], 
        [TranslationRefId], 
        [TranslationText], 
        [ModifiedBy], 
        [Modified]) 
values (4, 
        11, 
        N'Bestätigen Sie alle', 
        N'Administrator', 
        Cast(0x0000A45D01061D67 as datetime)) 

insert [PatientFlow].[Translation] 
       ([LanguageId], 
        [TranslationRefId], 
        [TranslationText], 
        [ModifiedBy], 
        [Modified]) 
values (4, 
        12, 
        N'Frühe Anreise', 
        N'Administrator', 
        Cast(0x0000A45D01061D67 as datetime)) 

insert [PatientFlow].[Translation] 
       ([LanguageId], 
        [TranslationRefId], 
        [TranslationText], 
        [ModifiedBy], 
        [Modified]) 
values (4, 
        13, 
N'Leider haben wir den Termin  Zeit  sind wir nicht in der Lage, im Zimmer bis  earlyarrivaltime  Minuten vor Ihrem Termin. '
        , 
N'Administrator', 
Cast(0x0000A45D01061D67 as datetime)) 

insert [PatientFlow].[Translation] 
       ([LanguageId], 
        [TranslationRefId], 
        [TranslationText], 
        [ModifiedBy], 
        [Modified]) 
values (4, 
        14, 
        N'Verspätung', 
        N'Administrator', 
        Cast(0x0000A45D01061D67 as datetime)) 

insert [PatientFlow].[Translation] 
       ([LanguageId], 
        [TranslationRefId], 
        [TranslationText], 
        [ModifiedBy], 
        [Modified]) 
values (4, 
        15, 
N'Leider hat die Ernennung Zeit  Zeit  vergangen und wir sind nicht in der Lage, im Zimmer. Bitte kontaktieren Sie die Rezeption'
        , 
N'Administrator', 
Cast(0x0000A45D01061D67 as datetime)) 

insert [PatientFlow].[Translation] 
       ([LanguageId], 
        [TranslationRefId], 
        [TranslationText], 
        [ModifiedBy], 
        [Modified]) 
values (4, 
        16, 
        N'OK', 
        N'Administrator', 
        Cast(0x0000A45D01061D67 as datetime)) 

insert [PatientFlow].[Translation] 
       ([LanguageId], 
        [TranslationRefId], 
        [TranslationText], 
        [ModifiedBy], 
        [Modified]) 
values (4, 
        17, 
        N'Es tut uns leid! ', 
        N'Administrator', 
        Cast(0x0000A45D01061D67 as datetime)) 

insert [PatientFlow].[Translation] 
       ([LanguageId], 
        [TranslationRefId], 
        [TranslationText], 
        [ModifiedBy], 
        [Modified]) 
values (4, 
        18, 
        N'Bitte melden Sie an der Rezeption', 
        N'Administrator', 
        Cast(0x0000A45D01061D67 as datetime)) 

insert [PatientFlow].[Translation] 
       ([LanguageId], 
        [TranslationRefId], 
        [TranslationText], 
        [ModifiedBy], 
        [Modified]) 
values (4, 
        19, 
        N'Bitte wählen Sie einen Wunschtermin', 
        N'SuperUser', 
        Cast(0x0000A46101126173 as datetime)) 

insert [PatientFlow].[Translation] 
       ([LanguageId], 
        [TranslationRefId], 
        [TranslationText], 
        [ModifiedBy], 
        [Modified]) 
values (4, 
        20, 
        N'Traurig sind wir nicht in der Lage, Ihre Daten zu finden', 
        N'SuperUser', 
        Cast(0x0000A46101126173 as datetime)) 

insert [PatientFlow].[Translation] 
       ([LanguageId], 
        [TranslationRefId], 
        [TranslationText], 
        [ModifiedBy], 
        [Modified]) 
values (4, 
        21, 
N'Bitte kontaktieren Rezeption oder Klicken Sie auf die Schaltfläche unten, um es erneut zu versuchen'
        , 
N'SuperUser', 
Cast(0x0000A46101126173 as datetime)) 

insert [PatientFlow].[Translation] 
       ([LanguageId], 
        [TranslationRefId], 
        [TranslationText], 
        [ModifiedBy], 
        [Modified]) 
values (4, 
        22, 
        N'Erneut Versuchen', 
        N'SuperUser', 
        Cast(0x0000A46101126173 as datetime)) 

insert [PatientFlow].[Translation] 
       ([LanguageId], 
        [TranslationRefId], 
        [TranslationText], 
        [ModifiedBy], 
        [Modified]) 
values (4, 
        23, 
        N'Herzlich Willkommen', 
        N'SuperUser', 
        Cast(0x0000A46101126173 as datetime)) 

insert [PatientFlow].[Translation] 
       ([LanguageId], 
        [TranslationRefId], 
        [TranslationText], 
        [ModifiedBy], 
        [Modified]) 
values (4, 
        24, 
        N'Bitte bestätigen Sie Ihre Anfrage', 
        N'Administrator', 
        Cast(0x0000A45D01061D67 as datetime)) 

insert [PatientFlow].[Translation] 
       ([LanguageId], 
        [TranslationRefId], 
        [TranslationText], 
        [ModifiedBy], 
        [Modified]) 
values (4, 
        25, 
        N'Bestätigen', 
        N'Administrator', 
        Cast(0x0000A45D01061D67 as datetime)) 

insert [PatientFlow].[Translation] 
       ([LanguageId], 
        [TranslationRefId], 
        [TranslationText], 
        [ModifiedBy], 
        [Modified]) 
values (4, 
        26, 
        N'Rückgängig Machen', 
        N'Administrator', 
        Cast(0x0000A45D01061D67 as datetime)) 

insert [PatientFlow].[Translation] 
       ([LanguageId], 
        [TranslationRefId], 
        [TranslationText], 
        [ModifiedBy], 
        [Modified]) 
values (4, 
        27, 
        N'bei', 
        N'Administrator', 
        Cast(0x0000A45D01061D67 as datetime)) 

insert [PatientFlow].[Translation] 
       ([LanguageId], 
        [TranslationRefId], 
        [TranslationText], 
        [ModifiedBy], 
        [Modified]) 
values (4, 
        28, 
        N'Wählen Sie eine der Tag der Geburt', 
        N'Administrator', 
        Cast(0x0000A45D01061D67 as datetime)) 

insert [PatientFlow].[Translation] 
       ([LanguageId], 
        [TranslationRefId], 
        [TranslationText], 
        [ModifiedBy], 
        [Modified]) 
values (4, 
        29, 
        N'Keine Slots verfügbar', 
        N'Administrator', 
        Cast(0x0000A46100F452F6 as datetime)) 

insert [PatientFlow].[Translation] 
       ([LanguageId], 
        [TranslationRefId], 
        [TranslationText], 
        [ModifiedBy], 
        [Modified]) 
values (4, 
        30, 
        N'Es tut uns leid! ', 
        N'Administrator', 
        Cast(0x0000A45D01061D67 as datetime)) 

insert [PatientFlow].[Translation] 
       ([LanguageId], 
        [TranslationRefId], 
        [TranslationText], 
        [ModifiedBy], 
        [Modified]) 
values (4, 
        31, 
        N'Bitte melden Sie an der Rezeption', 
        N'Administrator', 
        Cast(0x0000A45D01061D67 as datetime)) 

insert [PatientFlow].[Translation] 
       ([LanguageId], 
        [TranslationRefId], 
        [TranslationText], 
        [ModifiedBy], 
        [Modified]) 
values (4, 
        32, 
        N'OK', 
        N'Administrator', 
        Cast(0x0000A45D01061D67 as datetime)) 

insert [PatientFlow].[Translation] 
       ([LanguageId], 
        [TranslationRefId], 
        [TranslationText], 
        [ModifiedBy], 
        [Modified]) 
values (4, 
        33, 
        N'Finish', 
        N'Administrator', 
        Cast(0x0000A45D01061D67 as datetime)) 

insert [PatientFlow].[Translation] 
       ([LanguageId], 
        [TranslationRefId], 
        [TranslationText], 
        [ModifiedBy], 
        [Modified]) 
values (4, 
        34, 
        N'Danke', 
        N'Administrator', 
        Cast(0x0000A45D01061D67 as datetime)) 

insert [PatientFlow].[Translation] 
       ([LanguageId], 
        [TranslationRefId], 
        [TranslationText], 
        [ModifiedBy], 
        [Modified]) 
values (4, 
        35, 
        N'Ihre Ankunft wird bestätigt', 
        N'Administrator', 
        Cast(0x0000A45D01061D67 as datetime)) 

insert [PatientFlow].[Translation] 
       ([LanguageId], 
        [TranslationRefId], 
        [TranslationText], 
        [ModifiedBy], 
        [Modified]) 
values (4, 
        36, 
        N'Ja', 
        N'Administrator', 
        Cast(0x0000A45D01061D67 as datetime)) 

insert [PatientFlow].[Translation] 
       ([LanguageId], 
        [TranslationRefId], 
        [TranslationText], 
        [ModifiedBy], 
        [Modified]) 
values (4, 
        37, 
        N'Keine', 
        N'Administrator', 
        Cast(0x0000A45D01061D67 as datetime)) 

insert [PatientFlow].[Translation] 
       ([LanguageId], 
        [TranslationRefId], 
        [TranslationText], 
        [ModifiedBy], 
        [Modified]) 
values (4, 
        38, 
        N'Möchten Sie an der Umfrage teilnehmen?', 
        N'Administrator', 
        Cast(0x0000A45D01061D67 as datetime)) 

insert [PatientFlow].[Translation] 
       ([LanguageId], 
        [TranslationRefId], 
        [TranslationText], 
        [ModifiedBy], 
        [Modified]) 
values (4, 
        39, 
        N'Finish', 
        N'Administrator', 
        Cast(0x0000A45D01061D67 as datetime)) 

insert [PatientFlow].[Translation] 
       ([LanguageId], 
        [TranslationRefId], 
        [TranslationText], 
        [ModifiedBy], 
        [Modified]) 
values (4, 
        40, 
        N'für Ihre Terminanfrage', 
        N'Administrator', 
        Cast(0x0000A45D01061D67 as datetime)) 

insert [PatientFlow].[Translation] 
       ([LanguageId], 
        [TranslationRefId], 
        [TranslationText], 
        [ModifiedBy], 
        [Modified]) 
values (4, 
        41, 
        N'Danke', 
        N'Administrator', 
        Cast(0x0000A45D01061D67 as datetime)) 

insert [PatientFlow].[Translation] 
       ([LanguageId], 
        [TranslationRefId], 
        [TranslationText], 
        [ModifiedBy], 
        [Modified]) 
values (4, 
        42, 
        N'bei', 
        N'Administrator', 
        Cast(0x0000A45D01061D67 as datetime)) 

insert [PatientFlow].[Translation] 
       ([LanguageId], 
        [TranslationRefId], 
        [TranslationText], 
        [ModifiedBy], 
        [Modified]) 
values (4, 
        43, 
        N'Danke', 
        N'Administrator', 
        Cast(0x0000A45D01061D67 as datetime)) 

insert [PatientFlow].[Translation] 
       ([LanguageId], 
        [TranslationRefId], 
        [TranslationText], 
        [ModifiedBy], 
        [Modified]) 
values (4, 
        44, 
        N'Finish', 
        N'Administrator', 
        Cast(0x0000A45D01061D67 as datetime)) 

insert [PatientFlow].[Translation] 
       ([LanguageId], 
        [TranslationRefId], 
        [TranslationText], 
        [ModifiedBy], 
        [Modified]) 
values (4, 
        45, 
        N'Ihre Studie wurde gespeichert', 
        N'Administrator', 
        Cast(0x0000A45D01061D67 as datetime)) 

insert [PatientFlow].[Translation] 
       ([LanguageId], 
        [TranslationRefId], 
        [TranslationText], 
        [ModifiedBy], 
        [Modified]) 
values (4, 
        46, 
        N'Wählen Anfangsbuchstaben Ihres Vorname', 
        N'Administrator', 
        Cast(0x0000A45D01061D67 as datetime)) 

insert [PatientFlow].[Translation] 
       ([LanguageId], 
        [TranslationRefId], 
        [TranslationText], 
        [ModifiedBy], 
        [Modified]) 
values (4, 
        47, 
        N'Wählen Anfangsbuchstaben Ihres Nachnamens', 
        N'Administrator', 
        Cast(0x0000A45D01061D67 as datetime)) 

insert [PatientFlow].[Translation] 
       ([LanguageId], 
        [TranslationRefId], 
        [TranslationText], 
        [ModifiedBy], 
        [Modified]) 
values (4, 
        48, 
        N'Geben Sie das Geburtsdatum', 
        N'Administrator', 
        Cast(0x0000A45D01061D67 as datetime)) 

insert [PatientFlow].[Translation] 
       ([LanguageId], 
        [TranslationRefId], 
        [TranslationText], 
        [ModifiedBy], 
        [Modified]) 
values (4, 
        49, 
        N'Tag', 
        N'Administrator', 
        Cast(0x0000A45D01061D67 as datetime)) 

insert [PatientFlow].[Translation] 
       ([LanguageId], 
        [TranslationRefId], 
        [TranslationText], 
        [ModifiedBy], 
        [Modified]) 
values (4, 
        50, 
        N'Monat', 
        N'Administrator', 
        Cast(0x0000A45D01061D67 as datetime)) 

insert [PatientFlow].[Translation] 
       ([LanguageId], 
        [TranslationRefId], 
        [TranslationText], 
        [ModifiedBy], 
        [Modified]) 
values (4, 
        51, 
        N'Jahr', 
        N'Administrator', 
        Cast(0x0000A45D01061D67 as datetime)) 

insert [PatientFlow].[Translation] 
       ([LanguageId], 
        [TranslationRefId], 
        [TranslationText], 
        [ModifiedBy], 
        [Modified]) 
values (4, 
        52, 
        N'Als Nächstes', 
        N'Administrator', 
        Cast(0x0000A45D01061D67 as datetime)) 

insert [PatientFlow].[Translation] 
       ([LanguageId], 
        [TranslationRefId], 
        [TranslationText], 
        [ModifiedBy], 
        [Modified]) 
values (4, 
        53, 
        N'Bitte wählen Sie Ihr Geschlecht', 
        N'Administrator', 
        Cast(0x0000A45D01061D67 as datetime)) 

insert [PatientFlow].[Translation] 
       ([LanguageId], 
        [TranslationRefId], 
        [TranslationText], 
        [ModifiedBy], 
        [Modified]) 
values (4, 
        54, 
        N'Männlich', 
        N'Administrator', 
        Cast(0x0000A45D01061D67 as datetime)) 

insert [PatientFlow].[Translation] 
       ([LanguageId], 
        [TranslationRefId], 
        [TranslationText], 
        [ModifiedBy], 
        [Modified]) 
values (4, 
        55, 
        N'Weiblich', 
        N'Administrator', 
        Cast(0x0000A45D01061D67 as datetime)) 

insert [PatientFlow].[Translation] 
       ([LanguageId], 
        [TranslationRefId], 
        [TranslationText], 
        [ModifiedBy], 
        [Modified]) 
values (4, 
        56, 
        N'Überspringen', 
        N'Administrator', 
        Cast(0x0000A45D01061D67 as datetime)) 

insert [PatientFlow].[Translation] 
       ([LanguageId], 
        [TranslationRefId], 
        [TranslationText], 
        [ModifiedBy], 
        [Modified]) 
values (4, 
        57, 
        N'KIOSK Winterschlaf ....', 
        N'Administrator', 
        Cast(0x0000A45D01061D67 as datetime)) 

insert [PatientFlow].[Translation] 
       ([LanguageId], 
        [TranslationRefId], 
        [TranslationText], 
        [ModifiedBy], 
        [Modified]) 
values (4, 
        58, 
        N'Zeitplan, die im ...', 
        N'Administrator', 
        Cast(0x0000A45D01061D67 as datetime)) 

insert [PatientFlow].[Translation] 
       ([LanguageId], 
        [TranslationRefId], 
        [TranslationText], 
        [ModifiedBy], 
        [Modified]) 
values (4, 
        59, 
        N'Willkommen Bei', 
        N'Administrator', 
        Cast(0x0000A45D01061D67 as datetime)) 

insert [PatientFlow].[Translation] 
       ([LanguageId], 
        [TranslationRefId], 
        [TranslationText], 
        [ModifiedBy], 
        [Modified]) 
values (4, 
        60, 
        N'wählen Sie eine Sprache zu starten', 
        N'Administrator', 
        Cast(0x0000A45D01061D67 as datetime)) 

insert [PatientFlow].[Translation] 
       ([LanguageId], 
        [TranslationRefId], 
        [TranslationText], 
        [ModifiedBy], 
        [Modified]) 
values (4, 
        61, 
        N'Bitte wählen Sie eine Option', 
        N'Administrator', 
        Cast(0x0000A45D01061D67 as datetime)) 

insert [PatientFlow].[Translation] 
       ([LanguageId], 
        [TranslationRefId], 
        [TranslationText], 
        [ModifiedBy], 
        [Modified]) 
values (4, 
        62, 
        N'Wählen Sie eine der Geburtsmonat', 
        N'Administrator', 
        Cast(0x0000A45D01061D67 as datetime)) 

insert [PatientFlow].[Translation] 
       ([LanguageId], 
        [TranslationRefId], 
        [TranslationText], 
        [ModifiedBy], 
        [Modified]) 
values (4, 
        63, 
        N'Um zu beginnen, wählen Sie bitte eine der folgenden Optionen', 
        N'Administrator', 
        Cast(0x0000A45D01061D67 as datetime)) 

insert [PatientFlow].[Translation] 
       ([LanguageId], 
        [TranslationRefId], 
        [TranslationText], 
        [ModifiedBy], 
        [Modified]) 
values (4, 
        64, 
        N'Willkommen Bei', 
        N'Administrator', 
        Cast(0x0000A45D01061D67 as datetime)) 

insert [PatientFlow].[Translation] 
       ([LanguageId], 
        [TranslationRefId], 
        [TranslationText], 
        [ModifiedBy], 
        [Modified]) 
values (4, 
        65, 
        N'Bitte wählen Sie einen Slot Typ', 
        N'Administrator', 
        Cast(0x0000A45D01061D67 as datetime)) 

insert [PatientFlow].[Translation] 
       ([LanguageId], 
        [TranslationRefId], 
        [TranslationText], 
        [ModifiedBy], 
        [Modified]) 
values (4, 
        66, 
        N'Als Nächstes', 
        N'Administrator', 
        Cast(0x0000A45D01061D67 as datetime)) 

insert [PatientFlow].[Translation] 
       ([LanguageId], 
        [TranslationRefId], 
        [TranslationText], 
        [ModifiedBy], 
        [Modified]) 
values (4, 
        67, 
        N'Bitte beantworten Sie die folgenden Fragen', 
        N'Administrator', 
        Cast(0x0000A45D01061D67 as datetime)) 

insert [PatientFlow].[Translation] 
       ([LanguageId], 
        [TranslationRefId], 
        [TranslationText], 
        [ModifiedBy], 
        [Modified]) 
values (4, 
        68, 
        N'Überspringen', 
        N'Administrator', 
        Cast(0x0000A45D01061D67 as datetime)) 

insert [PatientFlow].[Translation] 
       ([LanguageId], 
        [TranslationRefId], 
        [TranslationText], 
        [ModifiedBy], 
        [Modified]) 
values (4, 
        69, 
        N'Bitte wählen Sie eine Option', 
        N'Administrator', 
        Cast(0x0000A45D01061D67 as datetime)) 

insert [PatientFlow].[Translation] 
       ([LanguageId], 
        [TranslationRefId], 
        [TranslationText], 
        [ModifiedBy], 
        [Modified]) 
values (4, 
        70, 
        N'Umfragen derzeit nicht verfügbar', 
        N'Administrator', 
        Cast(0x0000A45D01061D67 as datetime)) 

insert [PatientFlow].[Translation] 
       ([LanguageId], 
        [TranslationRefId], 
        [TranslationText], 
        [ModifiedBy], 
        [Modified]) 
values (4, 
        71, 
        N'Bitte wählen Sie Ihr Geburtsjahr', 
        N'Administrator', 
        Cast(0x0000A45D01061D67 as datetime)) 

insert [PatientFlow].[Translation] 
       ([LanguageId], 
        [TranslationRefId], 
        [TranslationText], 
        [ModifiedBy], 
        [Modified]) 
values (4, 
        72, 
        N'OK', 
        N'Administrator', 
        Cast(0x0000A45D01061D67 as datetime)) 

go 

insert [PatientFlow].[Translation] 
       ([LanguageId], 
        [TranslationRefId], 
        [TranslationText], 
        [ModifiedBy], 
        [Modified]) 
values (4, 
        73, 
        N'Nichts des oben Genannten', 
        N'Administrator', 
        Cast(0x0000A45D01061D67 as datetime)) 

insert [PatientFlow].[Translation] 
       ([LanguageId], 
        [TranslationRefId], 
        [TranslationText], 
        [ModifiedBy], 
        [Modified]) 
values (4, 
        74, 
        N'Jahr nicht gefunden', 
        N'Administrator', 
        Cast(0x0000A45D01061D67 as datetime)) 

insert [PatientFlow].[Translation] 
       ([LanguageId], 
        [TranslationRefId], 
        [TranslationText], 
        [ModifiedBy], 
        [Modified]) 
values (4, 
        75, 
        N'Bitte kontaktieren Rezeption', 
        N'Administrator', 
        Cast(0x0000A45D01061D67 as datetime)) 

insert [PatientFlow].[Translation] 
       ([LanguageId], 
        [TranslationRefId], 
        [TranslationText], 
        [ModifiedBy], 
        [Modified]) 
values (4, 
        79, 
        N'Deutsch', 
        null, 
        Cast(0x0000A45D01061D67 as datetime)) 

insert [PatientFlow].[Translation] 
       ([LanguageId], 
        [TranslationRefId], 
        [TranslationText], 
        [ModifiedBy], 
        [Modified]) 
values (5, 
        1, 
        N'????????', 
        N'Administrator', 
        Cast(0x0000A45D010783AF as datetime)) 

insert [PatientFlow].[Translation] 
       ([LanguageId], 
        [TranslationRefId], 
        [TranslationText], 
        [ModifiedBy], 
        [Modified]) 
values (5, 
        2, 
        N'?????', 
        N'Administrator', 
        Cast(0x0000A45D010783AF as datetime)) 

insert [PatientFlow].[Translation] 
       ([LanguageId], 
        [TranslationRefId], 
        [TranslationText], 
        [ModifiedBy], 
        [Modified]) 
values (5, 
        3, 
        N'????? ?????', 
        N'Administrator', 
        Cast(0x0000A45D010783AF as datetime)) 

insert [PatientFlow].[Translation] 
       ([LanguageId], 
        [TranslationRefId], 
        [TranslationText], 
        [ModifiedBy], 
        [Modified]) 
values (5, 
        4, 
        N'?????????? ?? ?????', 
        N'Administrator', 
        Cast(0x0000A45D010783AF as datetime)) 

insert [PatientFlow].[Translation] 
       ([LanguageId], 
        [TranslationRefId], 
        [TranslationText], 
        [ModifiedBy], 
        [Modified]) 
values (5, 
        5, 
        N'????????? ??', 
        N'Administrator', 
        Cast(0x0000A45E00B97846 as datetime)) 

insert [PatientFlow].[Translation] 
       ([LanguageId], 
        [TranslationRefId], 
        [TranslationText], 
        [ModifiedBy], 
        [Modified]) 
values (5, 
        6, 
        N'???????????', 
        N'Administrator', 
        Cast(0x0000A45E00B97846 as datetime)) 

insert [PatientFlow].[Translation] 
       ([LanguageId], 
        [TranslationRefId], 
        [TranslationText], 
        [ModifiedBy], 
        [Modified]) 
values (5, 
        7, 
        N'????????', 
        N'Administrator', 
        Cast(0x0000A45E00B97846 as datetime)) 

insert [PatientFlow].[Translation] 
       ([LanguageId], 
        [TranslationRefId], 
        [TranslationText], 
        [ModifiedBy], 
        [Modified]) 
values (5, 
        8, 
N'? ?????????, ?? ?? ?????? ????? ???? ??????' 
        , 
N'Administrator', 
Cast(0x0000A45E00B97846 as datetime)) 

insert [PatientFlow].[Translation] 
       ([LanguageId], 
        [TranslationRefId], 
        [TranslationText], 
        [ModifiedBy], 
        [Modified]) 
values (5, 
        9, 
N'??????????, ????????? ? ?????????????? ??? ??????? ?? ?????? ?????, ????? ????????? ???????'
        , 
N'Administrator', 
Cast(0x0000A45E00B97846 as datetime)) 

insert [PatientFlow].[Translation] 
       ([LanguageId], 
        [TranslationRefId], 
        [TranslationText], 
        [ModifiedBy], 
        [Modified]) 
values (5, 
        10, 
        N'?????????? ??? ???', 
        N'Administrator', 
        Cast(0x0000A45E00B97846 as datetime)) 

insert [PatientFlow].[Translation] 
       ([LanguageId], 
        [TranslationRefId], 
        [TranslationText], 
        [ModifiedBy], 
        [Modified]) 
values (5, 
        11, 
        N'?????????, ??? ???', 
        N'Administrator', 
        Cast(0x0000A45E00B97847 as datetime)) 

insert [PatientFlow].[Translation] 
       ([LanguageId], 
        [TranslationRefId], 
        [TranslationText], 
        [ModifiedBy], 
        [Modified]) 
values (5, 
        12, 
        N'?????? ?????', 
        N'Administrator', 
        Cast(0x0000A45E00B97847 as datetime)) 

insert [PatientFlow].[Translation] 
       ([LanguageId], 
        [TranslationRefId], 
        [TranslationText], 
        [ModifiedBy], 
        [Modified]) 
values (5, 
        13, 
N'? ?????????, ??? ?????????? + ????? +, ?? ?? ????? ????????? ???, ???? + earlyarrivaltime + ????? ?? ???????????? ???????. '
        , 
N'Administrator', 
Cast(0x0000A45E00B97847 as datetime)) 

insert [PatientFlow].[Translation] 
       ([LanguageId], 
        [TranslationRefId], 
        [TranslationText], 
        [ModifiedBy], 
        [Modified]) 
values (5, 
        14, 
        N'??????? ????????', 
        N'Administrator', 
        Cast(0x0000A45E00B97847 as datetime)) 

insert [PatientFlow].[Translation] 
       ([LanguageId], 
        [TranslationRefId], 
        [TranslationText], 
        [ModifiedBy], 
        [Modified]) 
values (5, 
        15, 
N'? ?????????, ???? ????? ?????????? + ????? + ??????, ? ?? ?? ????? ????????? ???. ??????????, ????????? ? ??????????????'
        , 
N'Administrator', 
Cast(0x0000A45E00B97847 as datetime)) 

insert [PatientFlow].[Translation] 
       ([LanguageId], 
        [TranslationRefId], 
        [TranslationText], 
        [ModifiedBy], 
        [Modified]) 
values (5, 
        16, 
        N'??????', 
        N'Administrator', 
        Cast(0x0000A45E00B97847 as datetime)) 

insert [PatientFlow].[Translation] 
       ([LanguageId], 
        [TranslationRefId], 
        [TranslationText], 
        [ModifiedBy], 
        [Modified]) 
values (5, 
        17, 
        N'????????! ', 
        N'Administrator', 
        Cast(0x0000A45E00B97847 as datetime)) 

insert [PatientFlow].[Translation] 
       ([LanguageId], 
        [TranslationRefId], 
        [TranslationText], 
        [ModifiedBy], 
        [Modified]) 
values (5, 
        18, 
        N'??????????, ????????? ?? ?????', 
        N'Administrator', 
        Cast(0x0000A45E00B97847 as datetime)) 

insert [PatientFlow].[Translation] 
       ([LanguageId], 
        [TranslationRefId], 
        [TranslationText], 
        [ModifiedBy], 
        [Modified]) 
values (5, 
        19, 
N'??????????, ???????? ???????????????? ????' 
        , 
N'Administrator', 
Cast(0x0000A4610107ECF5 as datetime)) 

insert [PatientFlow].[Translation] 
       ([LanguageId], 
        [TranslationRefId], 
        [TranslationText], 
        [ModifiedBy], 
        [Modified]) 
values (5, 
        20, 
N'? ?????????, ?? ?? ?????? ????? ???? ??????' 
        , 
N'Administrator', 
Cast(0x0000A4610107ECF5 as datetime)) 

insert [PatientFlow].[Translation] 
       ([LanguageId], 
        [TranslationRefId], 
        [TranslationText], 
        [ModifiedBy], 
        [Modified]) 
values (5, 
        21, 
N'??????????, ????????? ? ?????????????? ??? ??????? ?? ?????? ?????, ????? ????????? ???????'
        , 
N'Administrator', 
Cast(0x0000A4610107ECF5 as datetime)) 

insert [PatientFlow].[Translation] 
       ([LanguageId], 
        [TranslationRefId], 
        [TranslationText], 
        [ModifiedBy], 
        [Modified]) 
values (5, 
        22, 
        N'?????????? ??? ???', 
        N'Administrator', 
        Cast(0x0000A4610107ECF5 as datetime)) 

insert [PatientFlow].[Translation] 
       ([LanguageId], 
        [TranslationRefId], 
        [TranslationText], 
        [ModifiedBy], 
        [Modified]) 
values (5, 
        23, 
        N'????? ??????????', 
        N'Administrator', 
        Cast(0x0000A4610107ECF5 as datetime)) 

insert [PatientFlow].[Translation] 
       ([LanguageId], 
        [TranslationRefId], 
        [TranslationText], 
        [ModifiedBy], 
        [Modified]) 
values (5, 
        24, 
        N'??????????, ??????????? ???? ??????', 
        N'Administrator', 
        Cast(0x0000A45D010783AF as datetime)) 

insert [PatientFlow].[Translation] 
       ([LanguageId], 
        [TranslationRefId], 
        [TranslationText], 
        [ModifiedBy], 
        [Modified]) 
values (5, 
        25, 
        N'???????????', 
        N'Administrator', 
        Cast(0x0000A45D010783AF as datetime)) 

insert [PatientFlow].[Translation] 
       ([LanguageId], 
        [TranslationRefId], 
        [TranslationText], 
        [ModifiedBy], 
        [Modified]) 
values (5, 
        26, 
        N'????????', 
        N'Administrator', 
        Cast(0x0000A45D010783AF as datetime)) 

insert [PatientFlow].[Translation] 
       ([LanguageId], 
        [TranslationRefId], 
        [TranslationText], 
        [ModifiedBy], 
        [Modified]) 
values (5, 
        27, 
        N'??', 
        N'Administrator', 
        Cast(0x0000A45D010783AF as datetime)) 

insert [PatientFlow].[Translation] 
       ([LanguageId], 
        [TranslationRefId], 
        [TranslationText], 
        [ModifiedBy], 
        [Modified]) 
values (5, 
        28, 
N'??????????, ???????? ???? ???? ????????', 
N'Administrator', 
Cast(0x0000A45D010783AF as datetime)) 

insert [PatientFlow].[Translation] 
       ([LanguageId], 
        [TranslationRefId], 
        [TranslationText], 
        [ModifiedBy], 
        [Modified]) 
values (5, 
        29, 
        N'??? ????????? ??????', 
        N'Administrator', 
        Cast(0x0000A45D010783AF as datetime)) 

insert [PatientFlow].[Translation] 
       ([LanguageId], 
        [TranslationRefId], 
        [TranslationText], 
        [ModifiedBy], 
        [Modified]) 
values (5, 
        30, 
        N'????????! ', 
        N'Administrator', 
        Cast(0x0000A45D010783AF as datetime)) 

insert [PatientFlow].[Translation] 
       ([LanguageId], 
        [TranslationRefId], 
        [TranslationText], 
        [ModifiedBy], 
        [Modified]) 
values (5, 
        31, 
        N'??????????, ????????? ?? ?????', 
        N'Administrator', 
        Cast(0x0000A45D010783AF as datetime)) 

insert [PatientFlow].[Translation] 
       ([LanguageId], 
        [TranslationRefId], 
        [TranslationText], 
        [ModifiedBy], 
        [Modified]) 
values (5, 
        32, 
        N'??????', 
        N'Administrator', 
        Cast(0x0000A45D010783AF as datetime)) 

insert [PatientFlow].[Translation] 
       ([LanguageId], 
        [TranslationRefId], 
        [TranslationText], 
        [ModifiedBy], 
        [Modified]) 
values (5, 
        33, 
        N'???????', 
        N'Administrator', 
        Cast(0x0000A45D010783AF as datetime)) 

insert [PatientFlow].[Translation] 
       ([LanguageId], 
        [TranslationRefId], 
        [TranslationText], 
        [ModifiedBy], 
        [Modified]) 
values (5, 
        34, 
        N'???????', 
        N'Administrator', 
        Cast(0x0000A45D010783AF as datetime)) 

insert [PatientFlow].[Translation] 
       ([LanguageId], 
        [TranslationRefId], 
        [TranslationText], 
        [ModifiedBy], 
        [Modified]) 
values (5, 
        35, 
        N'??? ?????? ??????????????', 
        N'Administrator', 
        Cast(0x0000A45D010783AF as datetime)) 

insert [PatientFlow].[Translation] 
       ([LanguageId], 
        [TranslationRefId], 
        [TranslationText], 
        [ModifiedBy], 
        [Modified]) 
values (5, 
        36, 
        N'??', 
        N'Administrator', 
        Cast(0x0000A45D010783AF as datetime)) 

insert [PatientFlow].[Translation] 
       ([LanguageId], 
        [TranslationRefId], 
        [TranslationText], 
        [ModifiedBy], 
        [Modified]) 
values (5, 
        37, 
        N'???', 
        N'Administrator', 
        Cast(0x0000A45D010783AF as datetime)) 

insert [PatientFlow].[Translation] 
       ([LanguageId], 
        [TranslationRefId], 
        [TranslationText], 
        [ModifiedBy], 
        [Modified]) 
values (5, 
        38, 
        N'?? ?????? ??????? ??????? ? ???????', 
        N'Administrator', 
        Cast(0x0000A45D010783AF as datetime)) 

insert [PatientFlow].[Translation] 
       ([LanguageId], 
        [TranslationRefId], 
        [TranslationText], 
        [ModifiedBy], 
        [Modified]) 
values (5, 
        39, 
        N'???????', 
        N'Administrator', 
        Cast(0x0000A45D010783AF as datetime)) 

insert [PatientFlow].[Translation] 
       ([LanguageId], 
        [TranslationRefId], 
        [TranslationText], 
        [ModifiedBy], 
        [Modified]) 
values (5, 
        40, 
        N'?? ?????? ??????? ??????????', 
        N'Administrator', 
        Cast(0x0000A45D010783AF as datetime)) 

insert [PatientFlow].[Translation] 
       ([LanguageId], 
        [TranslationRefId], 
        [TranslationText], 
        [ModifiedBy], 
        [Modified]) 
values (5, 
        41, 
        N'???????', 
        N'Administrator', 
        Cast(0x0000A45D010783AF as datetime)) 

insert [PatientFlow].[Translation] 
       ([LanguageId], 
        [TranslationRefId], 
        [TranslationText], 
        [ModifiedBy], 
        [Modified]) 
values (5, 
        42, 
        N'??', 
        N'Administrator', 
        Cast(0x0000A45D010783AF as datetime)) 

insert [PatientFlow].[Translation] 
       ([LanguageId], 
        [TranslationRefId], 
        [TranslationText], 
        [ModifiedBy], 
        [Modified]) 
values (5, 
        43, 
        N'???????', 
        N'Administrator', 
        Cast(0x0000A45D010783AF as datetime)) 

insert [PatientFlow].[Translation] 
       ([LanguageId], 
        [TranslationRefId], 
        [TranslationText], 
        [ModifiedBy], 
        [Modified]) 
values (5, 
        44, 
        N'???????', 
        N'Administrator', 
        Cast(0x0000A45D010783AF as datetime)) 

insert [PatientFlow].[Translation] 
       ([LanguageId], 
        [TranslationRefId], 
        [TranslationText], 
        [ModifiedBy], 
        [Modified]) 
values (5, 
        45, 
        N'??? ????? ??? ???????', 
        N'Administrator', 
        Cast(0x0000A45D010783AF as datetime)) 

insert [PatientFlow].[Translation] 
       ([LanguageId], 
        [TranslationRefId], 
        [TranslationText], 
        [ModifiedBy], 
        [Modified]) 
values (5, 
        46, 
N'??????????, ???????? ?????? ????? ?????? FirstName' 
        , 
N'Administrator', 
Cast(0x0000A45D010783AF as datetime)) 

insert [PatientFlow].[Translation] 
       ([LanguageId], 
        [TranslationRefId], 
        [TranslationText], 
        [ModifiedBy], 
        [Modified]) 
values (5, 
        47, 
N'??????????, ???????? ?????? ????? ??? ????? ????????' 
        , 
N'Administrator', 
Cast(0x0000A45D010783AF as datetime)) 

insert [PatientFlow].[Translation] 
       ([LanguageId], 
        [TranslationRefId], 
        [TranslationText], 
        [ModifiedBy], 
        [Modified]) 
values (5, 
        48, 
        N'???? ???????? Enter', 
        N'Administrator', 
        Cast(0x0000A45D010783AF as datetime)) 

insert [PatientFlow].[Translation] 
       ([LanguageId], 
        [TranslationRefId], 
        [TranslationText], 
        [ModifiedBy], 
        [Modified]) 
values (5, 
        49, 
        N'????', 
        N'Administrator', 
        Cast(0x0000A45D010783AF as datetime)) 

insert [PatientFlow].[Translation] 
       ([LanguageId], 
        [TranslationRefId], 
        [TranslationText], 
        [ModifiedBy], 
        [Modified]) 
values (5, 
        50, 
        N'?????', 
        N'Administrator', 
        Cast(0x0000A45D010783AF as datetime)) 

insert [PatientFlow].[Translation] 
       ([LanguageId], 
        [TranslationRefId], 
        [TranslationText], 
        [ModifiedBy], 
        [Modified]) 
values (5, 
        51, 
        N'???', 
        N'Administrator', 
        Cast(0x0000A45D010783AF as datetime)) 

insert [PatientFlow].[Translation] 
       ([LanguageId], 
        [TranslationRefId], 
        [TranslationText], 
        [ModifiedBy], 
        [Modified]) 
values (5, 
        52, 
        N'?????????', 
        N'Administrator', 
        Cast(0x0000A45D010783AF as datetime)) 

insert [PatientFlow].[Translation] 
       ([LanguageId], 
        [TranslationRefId], 
        [TranslationText], 
        [ModifiedBy], 
        [Modified]) 
values (5, 
        53, 
        N'??????????, ???????? ???? ???', 
        N'Administrator', 
        Cast(0x0000A45D010783AF as datetime)) 

insert [PatientFlow].[Translation] 
       ([LanguageId], 
        [TranslationRefId], 
        [TranslationText], 
        [ModifiedBy], 
        [Modified]) 
values (5, 
        54, 
        N'???????', 
        N'Administrator', 
        Cast(0x0000A45D010783AF as datetime)) 

insert [PatientFlow].[Translation] 
       ([LanguageId], 
        [TranslationRefId], 
        [TranslationText], 
        [ModifiedBy], 
        [Modified]) 
values (5, 
        55, 
        N'???????', 
        N'Administrator', 
        Cast(0x0000A45D010783AF as datetime)) 

insert [PatientFlow].[Translation] 
       ([LanguageId], 
        [TranslationRefId], 
        [TranslationText], 
        [ModifiedBy], 
        [Modified]) 
values (5, 
        56, 
        N'??????????', 
        N'Administrator', 
        Cast(0x0000A45D010783AF as datetime)) 

insert [PatientFlow].[Translation] 
       ([LanguageId], 
        [TranslationRefId], 
        [TranslationText], 
        [ModifiedBy], 
        [Modified]) 
values (5, 
        57, 
        N'????? Hibernating ....', 
        N'Administrator', 
        Cast(0x0000A45D010783AF as datetime)) 

insert [PatientFlow].[Translation] 
       ([LanguageId], 
        [TranslationRefId], 
        [TranslationText], 
        [ModifiedBy], 
        [Modified]) 
values (5, 
        58, 
        N'????? Out In ...', 
        N'Administrator', 
        Cast(0x0000A45D010783AF as datetime)) 

insert [PatientFlow].[Translation] 
       ([LanguageId], 
        [TranslationRefId], 
        [TranslationText], 
        [ModifiedBy], 
        [Modified]) 
values (5, 
        59, 
        N'????? ??????????', 
        N'Administrator', 
        Cast(0x0000A45D010783AF as datetime)) 

insert [PatientFlow].[Translation] 
       ([LanguageId], 
        [TranslationRefId], 
        [TranslationText], 
        [ModifiedBy], 
        [Modified]) 
values (5, 
        60, 
        N'??????? ????, ????? ??????', 
        N'Administrator', 
        Cast(0x0000A45D010783AF as datetime)) 

insert [PatientFlow].[Translation] 
       ([LanguageId], 
        [TranslationRefId], 
        [TranslationText], 
        [ModifiedBy], 
        [Modified]) 
values (5, 
        61, 
        N'??????????, ???????? ?????', 
        N'Administrator', 
        Cast(0x0000A45D010783AF as datetime)) 

insert [PatientFlow].[Translation] 
       ([LanguageId], 
        [TranslationRefId], 
        [TranslationText], 
        [ModifiedBy], 
        [Modified]) 
values (5, 
        62, 
        N'??????????, ???????? ????? ????????', 
        N'Administrator', 
        Cast(0x0000A45D010783AF as datetime)) 

insert [PatientFlow].[Translation] 
       ([LanguageId], 
        [TranslationRefId], 
        [TranslationText], 
        [ModifiedBy], 
        [Modified]) 
values (5, 
        63, 
N'??? ??????, ??????????, ???????? ???? ?? ????????? ?????????' 
        , 
N'Administrator', 
Cast(0x0000A45D010783AF as datetime)) 

insert [PatientFlow].[Translation] 
       ([LanguageId], 
        [TranslationRefId], 
        [TranslationText], 
        [ModifiedBy], 
        [Modified]) 
values (5, 
        64, 
        N'????? ??????????', 
        N'Administrator', 
        Cast(0x0000A45D010783AF as datetime)) 

insert [PatientFlow].[Translation] 
       ([LanguageId], 
        [TranslationRefId], 
        [TranslationText], 
        [ModifiedBy], 
        [Modified]) 
values (5, 
        65, 
        N'??????????, ???????? ??? ??????', 
        N'Administrator', 
        Cast(0x0000A45D010783AF as datetime)) 

insert [PatientFlow].[Translation] 
       ([LanguageId], 
        [TranslationRefId], 
        [TranslationText], 
        [ModifiedBy], 
        [Modified]) 
values (5, 
        66, 
        N'?????????', 
        N'Administrator', 
        Cast(0x0000A45D010783AF as datetime)) 

insert [PatientFlow].[Translation] 
       ([LanguageId], 
        [TranslationRefId], 
        [TranslationText], 
        [ModifiedBy], 
        [Modified]) 
values (5, 
        67, 
N'??????????, ???????? ?? ????????? ???????' 
        , 
N'Administrator', 
Cast(0x0000A45D010783AF as datetime)) 

insert [PatientFlow].[Translation] 
       ([LanguageId], 
        [TranslationRefId], 
        [TranslationText], 
        [ModifiedBy], 
        [Modified]) 
values (5, 
        68, 
        N'??????????', 
        N'Administrator', 
        Cast(0x0000A45D010783AF as datetime)) 

insert [PatientFlow].[Translation] 
       ([LanguageId], 
        [TranslationRefId], 
        [TranslationText], 
        [ModifiedBy], 
        [Modified]) 
values (5, 
        69, 
        N'??????????, ???????? ?????', 
        N'Administrator', 
        Cast(0x0000A45D010783AF as datetime)) 

insert [PatientFlow].[Translation] 
       ([LanguageId], 
        [TranslationRefId], 
        [TranslationText], 
        [ModifiedBy], 
        [Modified]) 
values (5, 
        70, 
        N'?????? ???????? ??????????', 
        N'Administrator', 
        Cast(0x0000A45D010783AF as datetime)) 

insert [PatientFlow].[Translation] 
       ([LanguageId], 
        [TranslationRefId], 
        [TranslationText], 
        [ModifiedBy], 
        [Modified]) 
values (5, 
        71, 
        N'??????????, ???????? ??? ????????', 
        N'Administrator', 
        Cast(0x0000A45D010783AF as datetime)) 

insert [PatientFlow].[Translation] 
       ([LanguageId], 
        [TranslationRefId], 
        [TranslationText], 
        [ModifiedBy], 
        [Modified]) 
values (5, 
        72, 
        N'??????', 
        N'Administrator', 
        Cast(0x0000A45D010783AF as datetime)) 

insert [PatientFlow].[Translation] 
       ([LanguageId], 
        [TranslationRefId], 
        [TranslationText], 
        [ModifiedBy], 
        [Modified]) 
values (5, 
        73, 
        N'?? ???? ?? ?????????????????', 
        N'Administrator', 
        Cast(0x0000A45D010783AF as datetime)) 

insert [PatientFlow].[Translation] 
       ([LanguageId], 
        [TranslationRefId], 
        [TranslationText], 
        [ModifiedBy], 
        [Modified]) 
values (5, 
        74, 
        N'??? ?? ???????', 
        N'Administrator', 
        Cast(0x0000A45D010783AF as datetime)) 

insert [PatientFlow].[Translation] 
       ([LanguageId], 
        [TranslationRefId], 
        [TranslationText], 
        [ModifiedBy], 
        [Modified]) 
values (5, 
        75, 
N'??????????, ????????? ? ??????????????', 
N'Administrator', 
Cast(0x0000A45D010783AF as datetime)) 

insert [PatientFlow].[Translation] 
       ([LanguageId], 
        [TranslationRefId], 
        [TranslationText], 
        [ModifiedBy], 
        [Modified]) 
values (5, 
        80, 
        N'???????', 
        null, 
        Cast(0x0000A45D010783AF as datetime)) 

insert [PatientFlow].[Translation] 
       ([LanguageId], 
        [TranslationRefId], 
        [TranslationText], 
        [ModifiedBy], 
        [Modified]) 
values (6, 
        1, 
        N'Varýþ', 
        N'Administrator', 
        Cast(0x0000A45D0107D065 as datetime)) 

insert [PatientFlow].[Translation] 
       ([LanguageId], 
        [TranslationRefId], 
        [TranslationText], 
        [ModifiedBy], 
        [Modified]) 
values (6, 
        2, 
        N'Anket', 
        N'Administrator', 
        Cast(0x0000A45D0107D065 as datetime)) 

insert [PatientFlow].[Translation] 
       ([LanguageId], 
        [TranslationRefId], 
        [TranslationText], 
        [ModifiedBy], 
        [Modified]) 
values (6, 
        3, 
        N'Site Haritasý', 
        N'Administrator', 
        Cast(0x0000A45D0107D065 as datetime)) 

insert [PatientFlow].[Translation] 
       ([LanguageId], 
        [TranslationRefId], 
        [TranslationText], 
        [ModifiedBy], 
        [Modified]) 
values (6, 
        4, 
        N'Randevu olun', 
        N'Administrator', 
        Cast(0x0000A45D0107D065 as datetime)) 

insert [PatientFlow].[Translation] 
       ([LanguageId], 
        [TranslationRefId], 
        [TranslationText], 
        [ModifiedBy], 
        [Modified]) 
values (6, 
        5, 
        N'Randevular için', 
        N'Administrator', 
        Cast(0x0000A45D0107D065 as datetime)) 

insert [PatientFlow].[Translation] 
       ([LanguageId], 
        [TranslationRefId], 
        [TranslationText], 
        [ModifiedBy], 
        [Modified]) 
values (6, 
        6, 
        N'Onaylamak', 
        N'Administrator', 
        Cast(0x0000A45D0107D065 as datetime)) 

insert [PatientFlow].[Translation] 
       ([LanguageId], 
        [TranslationRefId], 
        [TranslationText], 
        [ModifiedBy], 
        [Modified]) 
values (6, 
        7, 
        N'Iptal', 
        N'Administrator', 
        Cast(0x0000A45D0107D065 as datetime)) 

insert [PatientFlow].[Translation] 
       ([LanguageId], 
        [TranslationRefId], 
        [TranslationText], 
        [ModifiedBy], 
        [Modified]) 
values (6, 
        8, 
        N'Maalesef biz ayrýntýlarý bulamýyorsanýz', 
        N'Administrator', 
        Cast(0x0000A45D0107D065 as datetime)) 

insert [PatientFlow].[Translation] 
       ([LanguageId], 
        [TranslationRefId], 
        [TranslationText], 
        [ModifiedBy], 
        [Modified]) 
values (6, 
        9, 
N'Resepsiyon temas veya tekrar denemek için aþaðýdaki butona týklayýnýz Lütfen' 
        , 
N'Administrator', 
Cast(0x0000A45D0107D065 as datetime)) 

insert [PatientFlow].[Translation] 
       ([LanguageId], 
        [TranslationRefId], 
        [TranslationText], 
        [ModifiedBy], 
        [Modified]) 
values (6, 
        10, 
        N'Tekrar Deneyin', 
        N'Administrator', 
        Cast(0x0000A45D0107D065 as datetime)) 

insert [PatientFlow].[Translation] 
       ([LanguageId], 
        [TranslationRefId], 
        [TranslationText], 
        [ModifiedBy], 
        [Modified]) 
values (6, 
        11, 
        N'Tümünü Onayla', 
        N'Administrator', 
        Cast(0x0000A45D0107D065 as datetime)) 

insert [PatientFlow].[Translation] 
       ([LanguageId], 
        [TranslationRefId], 
        [TranslationText], 
        [ModifiedBy], 
        [Modified]) 
values (6, 
        12, 
        N'Erken Geliþ', 
        N'Administrator', 
        Cast(0x0000A45D0107D065 as datetime)) 

insert [PatientFlow].[Translation] 
       ([LanguageId], 
        [TranslationRefId], 
        [TranslationText], 
        [ModifiedBy], 
        [Modified]) 
values (6, 
        13, 
N'Üzgünüz, randevu  Zaman , biz sizi kontrol edemiyoruz  earlyarrivaltime  dakika önce randevu kadar. '
        , 
N'Administrator', 
Cast(0x0000A45D0107D065 as datetime)) 

insert [PatientFlow].[Translation] 
       ([LanguageId], 
        [TranslationRefId], 
        [TranslationText], 
        [ModifiedBy], 
        [Modified]) 
values (6, 
        14, 
        N'Geç Geliþ', 
        N'Administrator', 
        Cast(0x0000A45D0107D065 as datetime)) 

insert [PatientFlow].[Translation] 
       ([LanguageId], 
        [TranslationRefId], 
        [TranslationText], 
        [ModifiedBy], 
        [Modified]) 
values (6, 
        15, 
N'Üzgünüz,  Zaman  sizin randevu zamaný geçti ve biz sizi kontrol edemiyoruz. Resepsiyona baþvurun'
        , 
N'Administrator', 
Cast(0x0000A45D0107D065 as datetime)) 

insert [PatientFlow].[Translation] 
       ([LanguageId], 
        [TranslationRefId], 
        [TranslationText], 
        [ModifiedBy], 
        [Modified]) 
values (6, 
        16, 
        N'TAMAM', 
        N'Administrator', 
        Cast(0x0000A45D0107D065 as datetime)) 

insert [PatientFlow].[Translation] 
       ([LanguageId], 
        [TranslationRefId], 
        [TranslationText], 
        [ModifiedBy], 
        [Modified]) 
values (6, 
        17, 
        N'Maalesef! ', 
        N'Administrator', 
        Cast(0x0000A45D0107D065 as datetime)) 

insert [PatientFlow].[Translation] 
       ([LanguageId], 
        [TranslationRefId], 
        [TranslationText], 
        [ModifiedBy], 
        [Modified]) 
values (6, 
        18, 
        N'Alýmý için rapor edin', 
        N'Administrator', 
        Cast(0x0000A45D0107D065 as datetime)) 

insert [PatientFlow].[Translation] 
       ([LanguageId], 
        [TranslationRefId], 
        [TranslationText], 
        [ModifiedBy], 
        [Modified]) 
values (6, 
        19, 
        N'Tercih gün seçiniz', 
        N'Administrator', 
        Cast(0x0000A46100EADB54 as datetime)) 

insert [PatientFlow].[Translation] 
       ([LanguageId], 
        [TranslationRefId], 
        [TranslationText], 
        [ModifiedBy], 
        [Modified]) 
values (6, 
        20, 
        N'Maalesef biz ayrýntýlarý bulamýyorsanýz', 
        N'Administrator', 
        Cast(0x0000A46100EADB54 as datetime)) 

go 

insert [PatientFlow].[Translation] 
       ([LanguageId], 
        [TranslationRefId], 
        [TranslationText], 
        [ModifiedBy], 
        [Modified]) 
values (6, 
        21, 
N'Resepsiyon temas veya tekrar denemek için aþaðýdaki butona týklayýnýz Lütfen' 
        , 
N'Administrator', 
Cast(0x0000A46100EADB54 as datetime)) 

insert [PatientFlow].[Translation] 
       ([LanguageId], 
        [TranslationRefId], 
        [TranslationText], 
        [ModifiedBy], 
        [Modified]) 
values (6, 
        22, 
        N'Tekrar Deneyin', 
        N'Administrator', 
        Cast(0x0000A46100EADB54 as datetime)) 

insert [PatientFlow].[Translation] 
       ([LanguageId], 
        [TranslationRefId], 
        [TranslationText], 
        [ModifiedBy], 
        [Modified]) 
values (6, 
        23, 
        N'Karþýlama', 
        N'Administrator', 
        Cast(0x0000A46100EADB54 as datetime)) 

insert [PatientFlow].[Translation] 
       ([LanguageId], 
        [TranslationRefId], 
        [TranslationText], 
        [ModifiedBy], 
        [Modified]) 
values (6, 
        24, 
        N'Isteðinizi onaylayýn Lütfen', 
        N'Administrator', 
        Cast(0x0000A45D0107D065 as datetime)) 

insert [PatientFlow].[Translation] 
       ([LanguageId], 
        [TranslationRefId], 
        [TranslationText], 
        [ModifiedBy], 
        [Modified]) 
values (6, 
        25, 
        N'Onaylamak', 
        N'Administrator', 
        Cast(0x0000A45D0107D065 as datetime)) 

insert [PatientFlow].[Translation] 
       ([LanguageId], 
        [TranslationRefId], 
        [TranslationText], 
        [ModifiedBy], 
        [Modified]) 
values (6, 
        26, 
        N'Iptal', 
        N'Administrator', 
        Cast(0x0000A45D0107D065 as datetime)) 

insert [PatientFlow].[Translation] 
       ([LanguageId], 
        [TranslationRefId], 
        [TranslationText], 
        [ModifiedBy], 
        [Modified]) 
values (6, 
        27, 
        N'at', 
        N'Administrator', 
        Cast(0x0000A45D0107D065 as datetime)) 

insert [PatientFlow].[Translation] 
       ([LanguageId], 
        [TranslationRefId], 
        [TranslationText], 
        [ModifiedBy], 
        [Modified]) 
values (6, 
        28, 
        N'Doðum gününüzü seçiniz', 
        N'Administrator', 
        Cast(0x0000A45D0107D065 as datetime)) 

insert [PatientFlow].[Translation] 
       ([LanguageId], 
        [TranslationRefId], 
        [TranslationText], 
        [ModifiedBy], 
        [Modified]) 
values (6, 
        29, 
        N'Mevcut Deðil Yuvalarý', 
        N'Administrator', 
        Cast(0x0000A45D0107D065 as datetime)) 

insert [PatientFlow].[Translation] 
       ([LanguageId], 
        [TranslationRefId], 
        [TranslationText], 
        [ModifiedBy], 
        [Modified]) 
values (6, 
        30, 
        N'Maalesef! ', 
        N'Administrator', 
        Cast(0x0000A45D0107D065 as datetime)) 

insert [PatientFlow].[Translation] 
       ([LanguageId], 
        [TranslationRefId], 
        [TranslationText], 
        [ModifiedBy], 
        [Modified]) 
values (6, 
        31, 
        N'Alýmý için rapor edin', 
        N'Administrator', 
        Cast(0x0000A45D0107D065 as datetime)) 

insert [PatientFlow].[Translation] 
       ([LanguageId], 
        [TranslationRefId], 
        [TranslationText], 
        [ModifiedBy], 
        [Modified]) 
values (6, 
        32, 
        N'TAMAM', 
        N'Administrator', 
        Cast(0x0000A45D0107D065 as datetime)) 

insert [PatientFlow].[Translation] 
       ([LanguageId], 
        [TranslationRefId], 
        [TranslationText], 
        [ModifiedBy], 
        [Modified]) 
values (6, 
        33, 
        N'Bitiþ', 
        N'Administrator', 
        Cast(0x0000A45D0107D065 as datetime)) 

insert [PatientFlow].[Translation] 
       ([LanguageId], 
        [TranslationRefId], 
        [TranslationText], 
        [ModifiedBy], 
        [Modified]) 
values (6, 
        34, 
        N'Teþekkür Ederim', 
        N'Administrator', 
        Cast(0x0000A45D0107D065 as datetime)) 

insert [PatientFlow].[Translation] 
       ([LanguageId], 
        [TranslationRefId], 
        [TranslationText], 
        [ModifiedBy], 
        [Modified]) 
values (6, 
        35, 
        N'Varýþ onaylanýr', 
        N'Administrator', 
        Cast(0x0000A45D0107D065 as datetime)) 

insert [PatientFlow].[Translation] 
       ([LanguageId], 
        [TranslationRefId], 
        [TranslationText], 
        [ModifiedBy], 
        [Modified]) 
values (6, 
        36, 
        N'Evet', 
        N'Administrator', 
        Cast(0x0000A45D0107D065 as datetime)) 

insert [PatientFlow].[Translation] 
       ([LanguageId], 
        [TranslationRefId], 
        [TranslationText], 
        [ModifiedBy], 
        [Modified]) 
values (6, 
        37, 
        N'Hayýr', 
        N'Administrator', 
        Cast(0x0000A45D0107D065 as datetime)) 

insert [PatientFlow].[Translation] 
       ([LanguageId], 
        [TranslationRefId], 
        [TranslationText], 
        [ModifiedBy], 
        [Modified]) 
values (6, 
        38, 
        N'Eðer anketi almak istiyor musunuz?', 
        N'Administrator', 
        Cast(0x0000A45D0107D065 as datetime)) 

insert [PatientFlow].[Translation] 
       ([LanguageId], 
        [TranslationRefId], 
        [TranslationText], 
        [ModifiedBy], 
        [Modified]) 
values (6, 
        39, 
        N'Bitiþ', 
        N'Administrator', 
        Cast(0x0000A45D0107D065 as datetime)) 

insert [PatientFlow].[Translation] 
       ([LanguageId], 
        [TranslationRefId], 
        [TranslationText], 
        [ModifiedBy], 
        [Modified]) 
values (6, 
        40, 
        N'Randevu talebi için', 
        N'Administrator', 
        Cast(0x0000A45D0107D065 as datetime)) 

insert [PatientFlow].[Translation] 
       ([LanguageId], 
        [TranslationRefId], 
        [TranslationText], 
        [ModifiedBy], 
        [Modified]) 
values (6, 
        41, 
        N'Teþekkür Ederim', 
        N'Administrator', 
        Cast(0x0000A45D0107D065 as datetime)) 

insert [PatientFlow].[Translation] 
       ([LanguageId], 
        [TranslationRefId], 
        [TranslationText], 
        [ModifiedBy], 
        [Modified]) 
values (6, 
        42, 
        N'at', 
        N'Administrator', 
        Cast(0x0000A45D0107D065 as datetime)) 

insert [PatientFlow].[Translation] 
       ([LanguageId], 
        [TranslationRefId], 
        [TranslationText], 
        [ModifiedBy], 
        [Modified]) 
values (6, 
        43, 
        N'Teþekkür Ederim', 
        N'Administrator', 
        Cast(0x0000A45D0107D065 as datetime)) 

insert [PatientFlow].[Translation] 
       ([LanguageId], 
        [TranslationRefId], 
        [TranslationText], 
        [ModifiedBy], 
        [Modified]) 
values (6, 
        44, 
        N'Bitiþ', 
        N'Administrator', 
        Cast(0x0000A45D0107D065 as datetime)) 

insert [PatientFlow].[Translation] 
       ([LanguageId], 
        [TranslationRefId], 
        [TranslationText], 
        [ModifiedBy], 
        [Modified]) 
values (6, 
        45, 
        N'Sizin anket kaydedildi', 
        N'Administrator', 
        Cast(0x0000A45D0107D065 as datetime)) 

insert [PatientFlow].[Translation] 
       ([LanguageId], 
        [TranslationRefId], 
        [TranslationText], 
        [ModifiedBy], 
        [Modified]) 
values (6, 
        46, 
        N'Senin firstname ilk harfini seçiniz', 
        N'Administrator', 
        Cast(0x0000A45D0107D065 as datetime)) 

insert [PatientFlow].[Translation] 
       ([LanguageId], 
        [TranslationRefId], 
        [TranslationText], 
        [ModifiedBy], 
        [Modified]) 
values (6, 
        47, 
        N'Senin soyadýnýn ilk harfini seçiniz', 
        N'Administrator', 
        Cast(0x0000A45D0107D065 as datetime)) 

insert [PatientFlow].[Translation] 
       ([LanguageId], 
        [TranslationRefId], 
        [TranslationText], 
        [ModifiedBy], 
        [Modified]) 
values (6, 
        48, 
        N'Doðum tarihini girin', 
        N'Administrator', 
        Cast(0x0000A45D0107D065 as datetime)) 

insert [PatientFlow].[Translation] 
       ([LanguageId], 
        [TranslationRefId], 
        [TranslationText], 
        [ModifiedBy], 
        [Modified]) 
values (6, 
        49, 
        N'Gün', 
        N'Administrator', 
        Cast(0x0000A45D0107D065 as datetime)) 

insert [PatientFlow].[Translation] 
       ([LanguageId], 
        [TranslationRefId], 
        [TranslationText], 
        [ModifiedBy], 
        [Modified]) 
values (6, 
        50, 
        N'Ay', 
        N'Administrator', 
        Cast(0x0000A45D0107D065 as datetime)) 

insert [PatientFlow].[Translation] 
       ([LanguageId], 
        [TranslationRefId], 
        [TranslationText], 
        [ModifiedBy], 
        [Modified]) 
values (6, 
        51, 
        N'Yýl', 
        N'Administrator', 
        Cast(0x0000A45D0107D065 as datetime)) 

insert [PatientFlow].[Translation] 
       ([LanguageId], 
        [TranslationRefId], 
        [TranslationText], 
        [ModifiedBy], 
        [Modified]) 
values (6, 
        52, 
        N'Sonraki', 
        N'Administrator', 
        Cast(0x0000A45D0107D065 as datetime)) 

insert [PatientFlow].[Translation] 
       ([LanguageId], 
        [TranslationRefId], 
        [TranslationText], 
        [ModifiedBy], 
        [Modified]) 
values (6, 
        53, 
        N'Lütfen cinsiyetinizi seçiniz', 
        N'Administrator', 
        Cast(0x0000A45D0107D065 as datetime)) 

insert [PatientFlow].[Translation] 
       ([LanguageId], 
        [TranslationRefId], 
        [TranslationText], 
        [ModifiedBy], 
        [Modified]) 
values (6, 
        54, 
        N'Erkek', 
        N'Administrator', 
        Cast(0x0000A45D0107D065 as datetime)) 

insert [PatientFlow].[Translation] 
       ([LanguageId], 
        [TranslationRefId], 
        [TranslationText], 
        [ModifiedBy], 
        [Modified]) 
values (6, 
        55, 
        N'Kadýn', 
        N'Administrator', 
        Cast(0x0000A45D0107D065 as datetime)) 

insert [PatientFlow].[Translation] 
       ([LanguageId], 
        [TranslationRefId], 
        [TranslationText], 
        [ModifiedBy], 
        [Modified]) 
values (6, 
        56, 
        N'Atlamak', 
        N'Administrator', 
        Cast(0x0000A45D0107D065 as datetime)) 

insert [PatientFlow].[Translation] 
       ([LanguageId], 
        [TranslationRefId], 
        [TranslationText], 
        [ModifiedBy], 
        [Modified]) 
values (6, 
        57, 
        N'KÖÞK Kýþ uykusuna yatan ....', 
        N'Administrator', 
        Cast(0x0000A45D0107D065 as datetime)) 

insert [PatientFlow].[Translation] 
       ([LanguageId], 
        [TranslationRefId], 
        [TranslationText], 
        [ModifiedBy], 
        [Modified]) 
values (6, 
        58, 
        N'Out Zamanlama ...', 
        N'Administrator', 
        Cast(0x0000A45D0107D065 as datetime)) 

insert [PatientFlow].[Translation] 
       ([LanguageId], 
        [TranslationRefId], 
        [TranslationText], 
        [ModifiedBy], 
        [Modified]) 
values (6, 
        59, 
        N'Hoþgeldiniz', 
        N'Administrator', 
        Cast(0x0000A45D0107D065 as datetime)) 

insert [PatientFlow].[Translation] 
       ([LanguageId], 
        [TranslationRefId], 
        [TranslationText], 
        [ModifiedBy], 
        [Modified]) 
values (6, 
        60, 
        N'baþlatmak için bir dil seçin', 
        N'Administrator', 
        Cast(0x0000A45D0107D065 as datetime)) 

insert [PatientFlow].[Translation] 
       ([LanguageId], 
        [TranslationRefId], 
        [TranslationText], 
        [ModifiedBy], 
        [Modified]) 
values (6, 
        61, 
        N'Bir seçenek seçiniz', 
        N'Administrator', 
        Cast(0x0000A45D0107D065 as datetime)) 

insert [PatientFlow].[Translation] 
       ([LanguageId], 
        [TranslationRefId], 
        [TranslationText], 
        [ModifiedBy], 
        [Modified]) 
values (6, 
        62, 
        N'Doðum ayý seçiniz', 
        N'Administrator', 
        Cast(0x0000A45D0107D065 as datetime)) 

insert [PatientFlow].[Translation] 
       ([LanguageId], 
        [TranslationRefId], 
        [TranslationText], 
        [ModifiedBy], 
        [Modified]) 
values (6, 
        63, 
        N'Baþlatmak için, aþaðýdaki seçeneklerden birini seçiniz', 
        N'Administrator', 
        Cast(0x0000A45D0107D065 as datetime)) 

insert [PatientFlow].[Translation] 
       ([LanguageId], 
        [TranslationRefId], 
        [TranslationText], 
        [ModifiedBy], 
        [Modified]) 
values (6, 
        64, 
        N'Hoþgeldiniz', 
        N'Administrator', 
        Cast(0x0000A45D0107D065 as datetime)) 

insert [PatientFlow].[Translation] 
       ([LanguageId], 
        [TranslationRefId], 
        [TranslationText], 
        [ModifiedBy], 
        [Modified]) 
values (6, 
        65, 
        N'Bir yuva türü seçiniz', 
        N'Administrator', 
        Cast(0x0000A45D0107D065 as datetime)) 

insert [PatientFlow].[Translation] 
       ([LanguageId], 
        [TranslationRefId], 
        [TranslationText], 
        [ModifiedBy], 
        [Modified]) 
values (6, 
        66, 
        N'Sonraki', 
        N'Administrator', 
        Cast(0x0000A45D0107D065 as datetime)) 

insert [PatientFlow].[Translation] 
       ([LanguageId], 
        [TranslationRefId], 
        [TranslationText], 
        [ModifiedBy], 
        [Modified]) 
values (6, 
        67, 
        N'Aþaðýdaki sorulara cevap lütfen', 
        N'Administrator', 
        Cast(0x0000A45D0107D065 as datetime)) 

insert [PatientFlow].[Translation] 
       ([LanguageId], 
        [TranslationRefId], 
        [TranslationText], 
        [ModifiedBy], 
        [Modified]) 
values (6, 
        68, 
        N'Atlamak', 
        N'Administrator', 
        Cast(0x0000A45D0107D065 as datetime)) 

insert [PatientFlow].[Translation] 
       ([LanguageId], 
        [TranslationRefId], 
        [TranslationText], 
        [ModifiedBy], 
        [Modified]) 
values (6, 
        69, 
        N'Bir seçenek seçiniz', 
        N'Administrator', 
        Cast(0x0000A45D0107D065 as datetime)) 

insert [PatientFlow].[Translation] 
       ([LanguageId], 
        [TranslationRefId], 
        [TranslationText], 
        [ModifiedBy], 
        [Modified]) 
values (6, 
        70, 
        N'Þu anda Anketler', 
        N'Administrator', 
        Cast(0x0000A45D0107D065 as datetime)) 

insert [PatientFlow].[Translation] 
       ([LanguageId], 
        [TranslationRefId], 
        [TranslationText], 
        [ModifiedBy], 
        [Modified]) 
values (6, 
        71, 
        N'Doðum yýlýný seçiniz', 
        N'Administrator', 
        Cast(0x0000A45D0107D065 as datetime)) 

insert [PatientFlow].[Translation] 
       ([LanguageId], 
        [TranslationRefId], 
        [TranslationText], 
        [ModifiedBy], 
        [Modified]) 
values (6, 
        72, 
        N'TAMAM', 
        N'Administrator', 
        Cast(0x0000A45D0107D065 as datetime)) 

insert [PatientFlow].[Translation] 
       ([LanguageId], 
        [TranslationRefId], 
        [TranslationText], 
        [ModifiedBy], 
        [Modified]) 
values (6, 
        73, 
        N'Yukarýdakilerin hiçbiri', 
        N'Administrator', 
        Cast(0x0000A45D0107D065 as datetime)) 

insert [PatientFlow].[Translation] 
       ([LanguageId], 
        [TranslationRefId], 
        [TranslationText], 
        [ModifiedBy], 
        [Modified]) 
values (6, 
        74, 
        N'Yýl Bulunamadý', 
        N'Administrator', 
        Cast(0x0000A45D0107D065 as datetime)) 

insert [PatientFlow].[Translation] 
       ([LanguageId], 
        [TranslationRefId], 
        [TranslationText], 
        [ModifiedBy], 
        [Modified]) 
values (6, 
        75, 
        N'Reception baþvurun', 
        N'Administrator', 
        Cast(0x0000A45D0107D065 as datetime)) 

insert [PatientFlow].[Translation] 
       ([LanguageId], 
        [TranslationRefId], 
        [TranslationText], 
        [ModifiedBy], 
        [Modified]) 
values (6, 
        81, 
        N'Türk', 
        null, 
        Cast(0x0000A45D0107D065 as datetime)) insert [PatientFlow].[Module] 
       ([ModuleId], 
        [ModuleName], 
        [TranslationRefId]) 
values (1, 
        N'Arrival', 
        1) 

insert [PatientFlow].[Module] 
       ([ModuleId], 
        [ModuleName], 
        [TranslationRefId]) 
values (2, 
        N'Survey', 
        2) 

insert [PatientFlow].[Module] 
       ([ModuleId], 
        [ModuleName], 
        [TranslationRefId]) 
values (3, 
        N'Site Map', 
        3) 

insert [PatientFlow].[Module] 
       ([ModuleId], 
        [ModuleName], 
        [TranslationRefId]) 
values (4, 
        N'Make Appointment', 
        4) 

set identity_insert [PatientFlow].[KioskScreen] on 

insert [PatientFlow].[KioskScreen] 
       ([ScreenId], 
        [ScreenCode], 
        [ScreenName], 
        [IsConfigurable], 
        [TranslationRefId]) 
values (1, 
        N'P_DAY', 
        N'Patient Matching - Day of birth', 
        0, 
        null) 

insert [PatientFlow].[KioskScreen] 
       ([ScreenId], 
        [ScreenCode], 
        [ScreenName], 
        [IsConfigurable], 
        [TranslationRefId]) 
values (2, 
        N'P_MONTH', 
        N'Patient Matching - Month of birth', 
        0, 
        null) 

insert [PatientFlow].[KioskScreen] 
       ([ScreenId], 
        [ScreenCode], 
        [ScreenName], 
        [IsConfigurable], 
        [TranslationRefId]) 
values (3, 
        N'P_DOB', 
        N'Patient Matching - Full date of birth', 
        0, 
        null) 

insert [PatientFlow].[KioskScreen] 
       ([ScreenId], 
        [ScreenCode], 
        [ScreenName], 
        [IsConfigurable], 
        [TranslationRefId]) 
values (4, 
        N'P_YEAR', 
        N'Patient Matching - Year of birth', 
        0, 
        null) 

insert [PatientFlow].[KioskScreen] 
       ([ScreenId], 
        [ScreenCode], 
        [ScreenName], 
        [IsConfigurable], 
        [TranslationRefId]) 
values (5, 
        N'P_GENDER', 
        N'Patient Matching - Gender', 
        0, 
        null) 

insert [PatientFlow].[KioskScreen] 
       ([ScreenId], 
        [ScreenCode], 
        [ScreenName], 
        [IsConfigurable], 
        [TranslationRefId]) 
values (6, 
        N'P_SURNAME', 
        N'Patient Matching - First letter of surname', 
        0, 
        null) 

insert [PatientFlow].[KioskScreen] 
       ([ScreenId], 
        [ScreenCode], 
        [ScreenName], 
        [IsConfigurable], 
        [TranslationRefId]) 
values (7, 
        N'P_LANGUAGE', 
        N'Language Selection', 
        0, 
        null) 

insert [PatientFlow].[KioskScreen] 
       ([ScreenId], 
        [ScreenCode], 
        [ScreenName], 
        [IsConfigurable], 
        [TranslationRefId]) 
values (8, 
        N'P_MODULE', 
        N'Module Selection', 
        0, 
        null) 

insert [PatientFlow].[KioskScreen] 
       ([ScreenId], 
        [ScreenCode], 
        [ScreenName], 
        [IsConfigurable], 
        [TranslationRefId]) 
values (9, 
        N'P_ARR_CNF', 
        N'Arrival Cofirmation', 
        0, 
        null) 

insert [PatientFlow].[KioskScreen] 
       ([ScreenId], 
        [ScreenCode], 
        [ScreenName], 
        [IsConfigurable], 
        [TranslationRefId]) 
values (10, 
        N'P_ARR_FIN', 
        N'Finish Arrival', 
        0, 
        null) 

insert [PatientFlow].[KioskScreen] 
       ([ScreenId], 
        [ScreenCode], 
        [ScreenName], 
        [IsConfigurable], 
        [TranslationRefId]) 
values (11, 
        N'P_ARR_DEMO', 
        N'Demographics', 
        0, 
        null) 

insert [PatientFlow].[KioskScreen] 
       ([ScreenId], 
        [ScreenCode], 
        [ScreenName], 
        [IsConfigurable], 
        [TranslationRefId]) 
values (12, 
        N'P_SUR_OPT', 
        N'Survey Option Selection', 
        0, 
        null) 

insert [PatientFlow].[KioskScreen] 
       ([ScreenId], 
        [ScreenCode], 
        [ScreenName], 
        [IsConfigurable], 
        [TranslationRefId]) 
values (13, 
        N'P_SUR_QUES', 
        N'Survey Questionnaires', 
        0, 
        null) 

insert [PatientFlow].[KioskScreen] 
       ([ScreenId], 
        [ScreenCode], 
        [ScreenName], 
        [IsConfigurable], 
        [TranslationRefId]) 
values (14, 
        N'P_SUR_FIN', 
        N'Finish Survey', 
        0, 
        null) 

insert [PatientFlow].[KioskScreen] 
       ([ScreenId], 
        [ScreenCode], 
        [ScreenName], 
        [IsConfigurable], 
        [TranslationRefId]) 
values (15, 
        N'P_BOK_DAY', 
        N'Apointment Booking - Day Selection', 
        0, 
        null) 

insert [PatientFlow].[KioskScreen] 
       ([ScreenId], 
        [ScreenCode], 
        [ScreenName], 
        [IsConfigurable], 
        [TranslationRefId]) 
values (16, 
        N'P_BOK_DOC', 
        N'Apointment Booking - Doctor Selection', 
        0, 
        null) 

insert [PatientFlow].[KioskScreen] 
       ([ScreenId], 
        [ScreenCode], 
        [ScreenName], 
        [IsConfigurable], 
        [TranslationRefId]) 
values (17, 
        N'P_BOK_CNF', 
        N'Confirm Booking', 
        0, 
        null) 

insert [PatientFlow].[KioskScreen] 
       ([ScreenId], 
        [ScreenCode], 
        [ScreenName], 
        [IsConfigurable], 
        [TranslationRefId]) 
values (18, 
        N'P_BOK_FIN', 
        N'Finish Booking', 
        0, 
        null) 

insert [PatientFlow].[KioskScreen] 
       ([ScreenId], 
        [ScreenCode], 
        [ScreenName], 
        [IsConfigurable], 
        [TranslationRefId]) 
values (19, 
        N'P_OUT_SERV', 
        N'Out of Service', 
        0, 
        null) 

insert [PatientFlow].[KioskScreen] 
       ([ScreenId], 
        [ScreenCode], 
        [ScreenName], 
        [IsConfigurable], 
        [TranslationRefId]) 
values (20, 
        N'P_EXCP_DVT', 
        N'Exception Divert', 
        0, 
        null) 

insert [PatientFlow].[KioskScreen] 
       ([ScreenId], 
        [ScreenCode], 
        [ScreenName], 
        [IsConfigurable], 
        [TranslationRefId]) 
values (21, 
        N'P_FIRSTNAM', 
        N'Patient Matching - First letter of firstname', 
        0, 
        null) 

insert [PatientFlow].[KioskScreen] 
       ([ScreenId], 
        [ScreenCode], 
        [ScreenName], 
        [IsConfigurable], 
        [TranslationRefId]) 
values (22, 
        N'P_HIBERNAT', 
        N'Hibernation Countdown', 
        0, 
        null) 

insert [PatientFlow].[KioskScreen] 
       ([ScreenId], 
        [ScreenCode], 
        [ScreenName], 
        [IsConfigurable], 
        [TranslationRefId]) 
values (23, 
        N'P_INDEXWIN', 
        N'Index Window', 
        0, 
        null) 

insert [PatientFlow].[KioskScreen] 
       ([ScreenId], 
        [ScreenCode], 
        [ScreenName], 
        [IsConfigurable], 
        [TranslationRefId]) 
values (24, 
        N'P_ORG', 
        N'Organisation Selection', 
        0, 
        null) 

insert [PatientFlow].[KioskScreen] 
       ([ScreenId], 
        [ScreenCode], 
        [ScreenName], 
        [IsConfigurable], 
        [TranslationRefId]) 
values (25, 
        N'P_SLOTTYPE', 
        N'Slottype Selection', 
        0, 
        null) 

set identity_insert [PatientFlow].[KioskScreen] off 
set identity_insert [PatientFlow].[KioskScreenControl] on 

insert [PatientFlow].[KioskScreenControl] 
       ([ControlId], 
        [ScreenId], 
        [UniqueId], 
        [ControlLabel], 
        [TranslationRefId], 
        [Modified], 
        [ModifiedBy]) 
values (1, 
        1, 
        N'DAY_LBL_TITLE', 
        N'Please select your day of birth', 
        28, 
        Cast(0x0000A46001242703 as datetime), 
        N'Administrator') 

insert [PatientFlow].[KioskScreenControl] 
       ([ControlId], 
        [ScreenId], 
        [UniqueId], 
        [ControlLabel], 
        [TranslationRefId], 
        [Modified], 
        [ModifiedBy]) 
values (2, 
        2, 
        N'MONTH_LBL_TITLE', 
        N'Please select your month of birth', 
        62, 
        Cast(0x0000A4600127F254 as datetime), 
        N'Administrator') 

insert [PatientFlow].[KioskScreenControl] 
       ([ControlId], 
        [ScreenId], 
        [UniqueId], 
        [ControlLabel], 
        [TranslationRefId], 
        [Modified], 
        [ModifiedBy]) 
values (3, 
        3, 
        N'DATE_LBL_TITLE', 
        N'Enter date of birth', 
        48, 
        Cast(0x0000A46001268649 as datetime), 
        N'Administrator') 

insert [PatientFlow].[KioskScreenControl] 
       ([ControlId], 
        [ScreenId], 
        [UniqueId], 
        [ControlLabel], 
        [TranslationRefId], 
        [Modified], 
        [ModifiedBy]) 
values (4, 
        3, 
        N'DOB_DAY_TITLE', 
        N'Day', 
        49, 
        Cast(0x0000A46001268649 as datetime), 
        N'Administrator') 

insert [PatientFlow].[KioskScreenControl] 
       ([ControlId], 
        [ScreenId], 
        [UniqueId], 
        [ControlLabel], 
        [TranslationRefId], 
        [Modified], 
        [ModifiedBy]) 
values (5, 
        3, 
        N'DOB_MONTH_TITLE', 
        N'Month', 
        50, 
        Cast(0x0000A46001268649 as datetime), 
        N'Administrator') 

insert [PatientFlow].[KioskScreenControl] 
       ([ControlId], 
        [ScreenId], 
        [UniqueId], 
        [ControlLabel], 
        [TranslationRefId], 
        [Modified], 
        [ModifiedBy]) 
values (6, 
        3, 
        N'DOB_YEAR_TITLE', 
        N'Year', 
        51, 
        Cast(0x0000A46001268649 as datetime), 
        N'Administrator') 

insert [PatientFlow].[KioskScreenControl] 
       ([ControlId], 
        [ScreenId], 
        [UniqueId], 
        [ControlLabel], 
        [TranslationRefId], 
        [Modified], 
        [ModifiedBy]) 
values (7, 
        3, 
        N'NEXT_BTN_TEXT', 
        N'Next', 
        52, 
        Cast(0x0000A46001268649 as datetime), 
        N'Administrator') 

insert [PatientFlow].[KioskScreenControl] 
       ([ControlId], 
        [ScreenId], 
        [UniqueId], 
        [ControlLabel], 
        [TranslationRefId], 
        [Modified], 
        [ModifiedBy]) 
values (8, 
        4, 
        N'YEAR_LBL_TITLE', 
        N'Please select your year of birth', 
        71, 
        Cast(0x0000A460012B8A27 as datetime), 
        N'Administrator') 

insert [PatientFlow].[KioskScreenControl] 
       ([ControlId], 
        [ScreenId], 
        [UniqueId], 
        [ControlLabel], 
        [TranslationRefId], 
        [Modified], 
        [ModifiedBy]) 
values (9, 
        4, 
        N'OK_BTN_TXT', 
        N'OK', 
        72, 
        Cast(0x0000A460012B8A27 as datetime), 
        N'Administrator') 

insert [PatientFlow].[KioskScreenControl] 
       ([ControlId], 
        [ScreenId], 
        [UniqueId], 
        [ControlLabel], 
        [TranslationRefId], 
        [Modified], 
        [ModifiedBy]) 
values (10, 
        4, 
        N'NONE_BTN_TXT', 
        N'None of the Above', 
        73, 
        Cast(0x0000A460012B8A27 as datetime), 
        N'Administrator') 

insert [PatientFlow].[KioskScreenControl] 
       ([ControlId], 
        [ScreenId], 
        [UniqueId], 
        [ControlLabel], 
        [TranslationRefId], 
        [Modified], 
        [ModifiedBy]) 
values (11, 
        4, 
        N'YEARNOTFOUND_TXT', 
        N'Year Not Found', 
        74, 
        Cast(0x0000A460012B8A27 as datetime), 
        N'Administrator') 

insert [PatientFlow].[KioskScreenControl] 
       ([ControlId], 
        [ScreenId], 
        [UniqueId], 
        [ControlLabel], 
        [TranslationRefId], 
        [Modified], 
        [ModifiedBy]) 
values (12, 
        4, 
        N'RECP_YEARLBL_TEXT', 
        N'Please contact Reception', 
        75, 
        Cast(0x0000A460012B8A27 as datetime), 
        N'Administrator') 

insert [PatientFlow].[KioskScreenControl] 
       ([ControlId], 
        [ScreenId], 
        [UniqueId], 
        [ControlLabel], 
        [TranslationRefId], 
        [Modified], 
        [ModifiedBy]) 
values (13, 
        5, 
        N'GENDER_LBL_TITLE', 
        N'Please select your gender', 
        53, 
        Cast(0x0000A4600126DD3A as datetime), 
        N'Administrator') 

insert [PatientFlow].[KioskScreenControl] 
       ([ControlId], 
        [ScreenId], 
        [UniqueId], 
        [ControlLabel], 
        [TranslationRefId], 
        [Modified], 
        [ModifiedBy]) 
values (14, 
        5, 
        N'GENDER_MALE', 
        N'Male', 
        54, 
        Cast(0x0000A4600126DD3A as datetime), 
        N'Administrator') 

insert [PatientFlow].[KioskScreenControl] 
       ([ControlId], 
        [ScreenId], 
        [UniqueId], 
        [ControlLabel], 
        [TranslationRefId], 
        [Modified], 
        [ModifiedBy]) 
values (15, 
        5, 
        N'GENDER_FEMALE', 
        N'Female', 
        55, 
        Cast(0x0000A4600126DD3A as datetime), 
        N'Administrator') 

insert [PatientFlow].[KioskScreenControl] 
       ([ControlId], 
        [ScreenId], 
        [UniqueId], 
        [ControlLabel], 
        [TranslationRefId], 
        [Modified], 
        [ModifiedBy]) 
values (16, 
        5, 
        N'SKIP_BTN_TEXT', 
        N'Skip', 
        56, 
        Cast(0x0000A4600126DD3A as datetime), 
        N'Administrator') 

insert [PatientFlow].[KioskScreenControl] 
       ([ControlId], 
        [ScreenId], 
        [UniqueId], 
        [ControlLabel], 
        [TranslationRefId], 
        [Modified], 
        [ModifiedBy]) 
values (17, 
        6, 
        N'SURNAME_LBL_TITLE', 
        N'Please select first letter of your surname', 
        47, 
        Cast(0x0000A46001264F9D as datetime), 
        N'Administrator') 

insert [PatientFlow].[KioskScreenControl] 
       ([ControlId], 
        [ScreenId], 
        [UniqueId], 
        [ControlLabel], 
        [TranslationRefId], 
        [Modified], 
        [ModifiedBy]) 
values (18, 
        7, 
        N'LANG_LBL_TITLE_WELCOME', 
        N'Welcome To', 
        59, 
        Cast(0x0000A46001278A7C as datetime), 
        N'Administrator') 

insert [PatientFlow].[KioskScreenControl] 
       ([ControlId], 
        [ScreenId], 
        [UniqueId], 
        [ControlLabel], 
        [TranslationRefId], 
        [Modified], 
        [ModifiedBy]) 
values (19, 
        7, 
        N'LANG_TITLE_TXT', 
        N'select a language to start ', 
        60, 
        Cast(0x0000A46001278A7C as datetime), 
        N'Administrator') 

insert [PatientFlow].[KioskScreenControl] 
       ([ControlId], 
        [ScreenId], 
        [UniqueId], 
        [ControlLabel], 
        [TranslationRefId], 
        [Modified], 
        [ModifiedBy]) 
values (20, 
        8, 
        N'MODULE_LBL_TITLE', 
        N'Please select an option', 
        61, 
        Cast(0x0000A4600127BC65 as datetime), 
        N'Administrator') 

insert [PatientFlow].[KioskScreenControl] 
       ([ControlId], 
        [ScreenId], 
        [UniqueId], 
        [ControlLabel], 
        [TranslationRefId], 
        [Modified], 
        [ModifiedBy]) 
values (21, 
        9, 
        N'ARR_CONF_LBL_TITLE', 
        N'Appointments For', 
        5, 
        Cast(0x0000A4600122B691 as datetime), 
        N'Administrator') 

insert [PatientFlow].[KioskScreenControl] 
       ([ControlId], 
        [ScreenId], 
        [UniqueId], 
        [ControlLabel], 
        [TranslationRefId], 
        [Modified], 
        [ModifiedBy]) 
values (22, 
        9, 
        N'CONFIRM_BTN_TEXT', 
        N'Confirm', 
        6, 
        Cast(0x0000A4600122B692 as datetime), 
        N'Administrator') 

insert [PatientFlow].[KioskScreenControl] 
       ([ControlId], 
        [ScreenId], 
        [UniqueId], 
        [ControlLabel], 
        [TranslationRefId], 
        [Modified], 
        [ModifiedBy]) 
values (23, 
        9, 
        N'CANCEL_BTN_TEXT', 
        N'Cancel', 
        7, 
        Cast(0x0000A4600122B692 as datetime), 
        N'Administrator') 

insert [PatientFlow].[KioskScreenControl] 
       ([ControlId], 
        [ScreenId], 
        [UniqueId], 
        [ControlLabel], 
        [TranslationRefId], 
        [Modified], 
        [ModifiedBy]) 
values (24, 
        9, 
        N'NODETAILS_LBL_TEXT', 
        N'Sorry we are unable to find your details', 
        8, 
        Cast(0x0000A4600122B692 as datetime), 
        N'Administrator') 

insert [PatientFlow].[KioskScreenControl] 
       ([ControlId], 
        [ScreenId], 
        [UniqueId], 
        [ControlLabel], 
        [TranslationRefId], 
        [Modified], 
        [ModifiedBy]) 
values (25, 
        9, 
        N'RECP_LBL_TEXT', 
        N'Please contact Reception or Click the below button to try again', 
        9, 
        Cast(0x0000A4600122B692 as datetime), 
        N'Administrator') 

insert [PatientFlow].[KioskScreenControl] 
       ([ControlId], 
        [ScreenId], 
        [UniqueId], 
        [ControlLabel], 
        [TranslationRefId], 
        [Modified], 
        [ModifiedBy]) 
values (26, 
        9, 
        N'TRYAGAIN_BTN_TEXT', 
        N'Try Again', 
        10, 
        Cast(0x0000A4600122B692 as datetime), 
        N'Administrator') 

insert [PatientFlow].[KioskScreenControl] 
       ([ControlId], 
        [ScreenId], 
        [UniqueId], 
        [ControlLabel], 
        [TranslationRefId], 
        [Modified], 
        [ModifiedBy]) 
values (27, 
        9, 
        N'CONFIRMALL_BTN_TEXT', 
        N'Confirm All', 
        11, 
        Cast(0x0000A4600122B692 as datetime), 
        N'Administrator') 

insert [PatientFlow].[KioskScreenControl] 
       ([ControlId], 
        [ScreenId], 
        [UniqueId], 
        [ControlLabel], 
        [TranslationRefId], 
        [Modified], 
        [ModifiedBy]) 
values (28, 
        9, 
        N'EARLYARR_TITLE', 
        N'Early Arrival', 
        12, 
        Cast(0x0000A4600122B692 as datetime), 
        N'Administrator') 

insert [PatientFlow].[KioskScreenControl] 
       ([ControlId], 
        [ScreenId], 
        [UniqueId], 
        [ControlLabel], 
        [TranslationRefId], 
        [Modified], 
        [ModifiedBy]) 
values (29, 
        9, 
        N'EARLYARR_TEXT', 
N'Sorry, your appointment is +Time+ , we are unable to check you in until +earlyarrivaltime+ minutes before your appointment.  Please try again later.'
        , 
13, 
Cast(0x0000A4600122B692 as datetime), 
N'Administrator') 

insert [PatientFlow].[KioskScreenControl] 
       ([ControlId], 
        [ScreenId], 
        [UniqueId], 
        [ControlLabel], 
        [TranslationRefId], 
        [Modified], 
        [ModifiedBy]) 
values (30, 
        9, 
        N'LATEARR_TITLE', 
        N'Late Arrival', 
        14, 
        Cast(0x0000A4600122B692 as datetime), 
        N'Administrator') 

insert [PatientFlow].[KioskScreenControl] 
       ([ControlId], 
        [ScreenId], 
        [UniqueId], 
        [ControlLabel], 
        [TranslationRefId], 
        [Modified], 
        [ModifiedBy]) 
values (31, 
        9, 
        N'LATEARR_TEXT', 
N'Sorry, your appointment time of +Time+ has passed and we are unable to check you in.  Please contact reception'
        , 
15, 
Cast(0x0000A4600122B692 as datetime), 
N'Administrator') 

insert [PatientFlow].[KioskScreenControl] 
       ([ControlId], 
        [ScreenId], 
        [UniqueId], 
        [ControlLabel], 
        [TranslationRefId], 
        [Modified], 
        [ModifiedBy]) 
values (32, 
        9, 
        N'OK_BTN_TXT', 
        N'OK', 
        16, 
        Cast(0x0000A4600122B693 as datetime), 
        N'Administrator') 

insert [PatientFlow].[KioskScreenControl] 
       ([ControlId], 
        [ScreenId], 
        [UniqueId], 
        [ControlLabel], 
        [TranslationRefId], 
        [Modified], 
        [ModifiedBy]) 
values (33, 
        9, 
        N'ARR_ERR_TITLE', 
        N'Sorry! Unable to process your request.', 
        17, 
        Cast(0x0000A4600122B693 as datetime), 
        N'Administrator') 

insert [PatientFlow].[KioskScreenControl] 
       ([ControlId], 
        [ScreenId], 
        [UniqueId], 
        [ControlLabel], 
        [TranslationRefId], 
        [Modified], 
        [ModifiedBy]) 
values (34, 
        9, 
        N'ARR_ERR_TEXT', 
        N'Please report to reception', 
        18, 
        Cast(0x0000A4600122B693 as datetime), 
        N'Administrator') 

insert [PatientFlow].[KioskScreenControl] 
       ([ControlId], 
        [ScreenId], 
        [UniqueId], 
        [ControlLabel], 
        [TranslationRefId], 
        [Modified], 
        [ModifiedBy]) 
values (35, 
        10, 
        N'FINISH_BTN_TXT', 
        N'Finish', 
        33, 
        Cast(0x0000A46001252E19 as datetime), 
        N'Administrator') 

insert [PatientFlow].[KioskScreenControl] 
       ([ControlId], 
        [ScreenId], 
        [UniqueId], 
        [ControlLabel], 
        [TranslationRefId], 
        [Modified], 
        [ModifiedBy]) 
values (36, 
        10, 
        N'THANKYOU_TXT', 
        N'Thank You', 
        34, 
        Cast(0x0000A46001252E19 as datetime), 
        N'Administrator') 

insert [PatientFlow].[KioskScreenControl] 
       ([ControlId], 
        [ScreenId], 
        [UniqueId], 
        [ControlLabel], 
        [TranslationRefId], 
        [Modified], 
        [ModifiedBy]) 
values (37, 
        10, 
        N'ARR_CONF_TXT', 
        N'Your arrival is confirmed', 
        35, 
        Cast(0x0000A46001252E19 as datetime), 
        N'Administrator') 

insert [PatientFlow].[KioskScreenControl] 
       ([ControlId], 
        [ScreenId], 
        [UniqueId], 
        [ControlLabel], 
        [TranslationRefId], 
        [Modified], 
        [ModifiedBy]) 
values (38, 
        10, 
        N'YES_BTN_TXT', 
        N'Yes', 
        36, 
        Cast(0x0000A46001252E19 as datetime), 
        N'Administrator') 

insert [PatientFlow].[KioskScreenControl] 
       ([ControlId], 
        [ScreenId], 
        [UniqueId], 
        [ControlLabel], 
        [TranslationRefId], 
        [Modified], 
        [ModifiedBy]) 
values (39, 
        10, 
        N'NO_BTN_TXT', 
        N'No', 
        37, 
        Cast(0x0000A46001252E19 as datetime), 
        N'Administrator') 

insert [PatientFlow].[KioskScreenControl] 
       ([ControlId], 
        [ScreenId], 
        [UniqueId], 
        [ControlLabel], 
        [TranslationRefId], 
        [Modified], 
        [ModifiedBy]) 
values (40, 
        10, 
        N'SURVEY_PROMPT_MSG', 
        N'Do you want to take the survey?', 
        38, 
        Cast(0x0000A46001252E1A as datetime), 
        N'Administrator') 

insert [PatientFlow].[KioskScreenControl] 
       ([ControlId], 
        [ScreenId], 
        [UniqueId], 
        [ControlLabel], 
        [TranslationRefId], 
        [Modified], 
        [ModifiedBy]) 
values (41, 
        12, 
        N'SURVEY_LBL_TXT', 
        N'Please choose an option', 
        69, 
        Cast(0x0000A460012B50A2 as datetime), 
        N'Administrator') 

insert [PatientFlow].[KioskScreenControl] 
       ([ControlId], 
        [ScreenId], 
        [UniqueId], 
        [ControlLabel], 
        [TranslationRefId], 
        [Modified], 
        [ModifiedBy]) 
values (42, 
        12, 
        N'NO_SURVEY_OPTIONS', 
        N'Surveys currently unavailable', 
        70, 
        Cast(0x0000A460012B50A3 as datetime), 
        N'Administrator') 

insert [PatientFlow].[KioskScreenControl] 
       ([ControlId], 
        [ScreenId], 
        [UniqueId], 
        [ControlLabel], 
        [TranslationRefId], 
        [Modified], 
        [ModifiedBy]) 
values (43, 
        13, 
        N'NEXT_BTN_TEXT', 
        N'Next', 
        66, 
        Cast(0x0000A460012AF8DC as datetime), 
        N'Administrator') 

insert [PatientFlow].[KioskScreenControl] 
       ([ControlId], 
        [ScreenId], 
        [UniqueId], 
        [ControlLabel], 
        [TranslationRefId], 
        [Modified], 
        [ModifiedBy]) 
values (44, 
        13, 
        N'QUESTION_LBL_TXT', 
        N'Please answer the following questions', 
        67, 
        Cast(0x0000A460012AF8DC as datetime), 
        N'Administrator') 

insert [PatientFlow].[KioskScreenControl] 
       ([ControlId], 
        [ScreenId], 
        [UniqueId], 
        [ControlLabel], 
        [TranslationRefId], 
        [Modified], 
        [ModifiedBy]) 
values (45, 
        13, 
        N'SKIP_BTN_TEXT', 
        N'Skip', 
        68, 
        Cast(0x0000A460012AF8DC as datetime), 
        N'Administrator') 

insert [PatientFlow].[KioskScreenControl] 
       ([ControlId], 
        [ScreenId], 
        [UniqueId], 
        [ControlLabel], 
        [TranslationRefId], 
        [Modified], 
        [ModifiedBy]) 
values (46, 
        14, 
        N'THANKYOU_TXT', 
        N'Thank You', 
        43, 
        Cast(0x0000A4600125E5F5 as datetime), 
        N'Administrator') 

insert [PatientFlow].[KioskScreenControl] 
       ([ControlId], 
        [ScreenId], 
        [UniqueId], 
        [ControlLabel], 
        [TranslationRefId], 
        [Modified], 
        [ModifiedBy]) 
values (47, 
        14, 
        N'FINISH_BTN_TXT', 
        N'Finish', 
        44, 
        Cast(0x0000A4600125E5F5 as datetime), 
        N'Administrator') 

insert [PatientFlow].[KioskScreenControl] 
       ([ControlId], 
        [ScreenId], 
        [UniqueId], 
        [ControlLabel], 
        [TranslationRefId], 
        [Modified], 
        [ModifiedBy]) 
values (48, 
        14, 
        N'SURY_CNF_TXT', 
        N'Your survey has been recorded', 
        45, 
        Cast(0x0000A4600125E5F5 as datetime), 
        N'Administrator') 

insert [PatientFlow].[KioskScreenControl] 
       ([ControlId], 
        [ScreenId], 
        [UniqueId], 
        [ControlLabel], 
        [TranslationRefId], 
        [Modified], 
        [ModifiedBy]) 
values (49, 
        15, 
        N'CALENDAR_LBL_TEXT', 
        N'Please select a preferred day', 
        19, 
        Cast(0x0000A460012382EE as datetime), 
        N'Administrator') 

insert [PatientFlow].[KioskScreenControl] 
       ([ControlId], 
        [ScreenId], 
        [UniqueId], 
        [ControlLabel], 
        [TranslationRefId], 
        [Modified], 
        [ModifiedBy]) 
values (50, 
        15, 
        N'NODETAILS_LBL_TEXT', 
        N'Sorry we are unable to find your details', 
        20, 
        Cast(0x0000A460012382EE as datetime), 
        N'Administrator') 

insert [PatientFlow].[KioskScreenControl] 
       ([ControlId], 
        [ScreenId], 
        [UniqueId], 
        [ControlLabel], 
        [TranslationRefId], 
        [Modified], 
        [ModifiedBy]) 
values (51, 
        15, 
        N'RECP_BOOKLBL_TXT', 
        N'Please contact Reception or Click the below button to try again', 
        21, 
        Cast(0x0000A460012382EE as datetime), 
        N'Administrator') 

insert [PatientFlow].[KioskScreenControl] 
       ([ControlId], 
        [ScreenId], 
        [UniqueId], 
        [ControlLabel], 
        [TranslationRefId], 
        [Modified], 
        [ModifiedBy]) 
values (52, 
        15, 
        N'TRYAGAIN_BTN_TEXT', 
        N'Try Again', 
        22, 
        Cast(0x0000A460012382EE as datetime), 
        N'Administrator') 

insert [PatientFlow].[KioskScreenControl] 
       ([ControlId], 
        [ScreenId], 
        [UniqueId], 
        [ControlLabel], 
        [TranslationRefId], 
        [Modified], 
        [ModifiedBy]) 
values (53, 
        15, 
        N'WELCOME_BOOKLBL_TXT', 
        N'Welcome', 
        23, 
        Cast(0x0000A460012382EE as datetime), 
        N'Administrator') 

insert [PatientFlow].[KioskScreenControl] 
       ([ControlId], 
        [ScreenId], 
        [UniqueId], 
        [ControlLabel], 
        [TranslationRefId], 
        [Modified], 
        [ModifiedBy]) 
values (54, 
        16, 
        N'NOSLOTS_TXT', 
        N'No Slots Available', 
        29, 
        Cast(0x0000A46001246C48 as datetime), 
        N'Administrator') 

insert [PatientFlow].[KioskScreenControl] 
       ([ControlId], 
        [ScreenId], 
        [UniqueId], 
        [ControlLabel], 
        [TranslationRefId], 
        [Modified], 
        [ModifiedBy]) 
values (55, 
        17, 
        N'CNF_TITLE_TXT', 
        N'Please confirm your request', 
        24, 
        Cast(0x0000A4600123DC5B as datetime), 
        N'Administrator') 

insert [PatientFlow].[KioskScreenControl] 
       ([ControlId], 
        [ScreenId], 
        [UniqueId], 
        [ControlLabel], 
        [TranslationRefId], 
        [Modified], 
        [ModifiedBy]) 
values (56, 
        17, 
        N'CONFIRM_BTN_TEXT', 
        N'Confirm', 
        25, 
        Cast(0x0000A4600123DC5B as datetime), 
        N'Administrator') 

insert [PatientFlow].[KioskScreenControl] 
       ([ControlId], 
        [ScreenId], 
        [UniqueId], 
        [ControlLabel], 
        [TranslationRefId], 
        [Modified], 
        [ModifiedBy]) 
values (57, 
        17, 
        N'CANCEL_BTN_TEXT', 
        N'Cancel', 
        26, 
        Cast(0x0000A4600123DC5B as datetime), 
        N'Administrator') 

insert [PatientFlow].[KioskScreenControl] 
       ([ControlId], 
        [ScreenId], 
        [UniqueId], 
        [ControlLabel], 
        [TranslationRefId], 
        [Modified], 
        [ModifiedBy]) 
values (58, 
        17, 
        N'BOOKINGAT_TXT', 
        N'at', 
        27, 
        Cast(0x0000A4600123DC5B as datetime), 
        N'Administrator') 

insert [PatientFlow].[KioskScreenControl] 
       ([ControlId], 
        [ScreenId], 
        [UniqueId], 
        [ControlLabel], 
        [TranslationRefId], 
        [Modified], 
        [ModifiedBy]) 
values (59, 
        18, 
        N'FINISH_BTN_TXT', 
        N'Finish', 
        39, 
        Cast(0x0000A46001259F18 as datetime), 
        N'Administrator') 

insert [PatientFlow].[KioskScreenControl] 
       ([ControlId], 
        [ScreenId], 
        [UniqueId], 
        [ControlLabel], 
        [TranslationRefId], 
        [Modified], 
        [ModifiedBy]) 
values (60, 
        18, 
        N'RQST_TXT', 
        N'for your appointment request', 
        40, 
        Cast(0x0000A46001259F18 as datetime), 
        N'Administrator') 

insert [PatientFlow].[KioskScreenControl] 
       ([ControlId], 
        [ScreenId], 
        [UniqueId], 
        [ControlLabel], 
        [TranslationRefId], 
        [Modified], 
        [ModifiedBy]) 
values (61, 
        18, 
        N'THANKYOU_TXT', 
        N'Thank You', 
        41, 
        Cast(0x0000A46001259F18 as datetime), 
        N'Administrator') 

insert [PatientFlow].[KioskScreenControl] 
       ([ControlId], 
        [ScreenId], 
        [UniqueId], 
        [ControlLabel], 
        [TranslationRefId], 
        [Modified], 
        [ModifiedBy]) 
values (62, 
        18, 
        N'AT_LBL_TXT', 
        N'at', 
        42, 
        Cast(0x0000A46001259F18 as datetime), 
        N'Administrator') 

insert [PatientFlow].[KioskScreenControl] 
       ([ControlId], 
        [ScreenId], 
        [UniqueId], 
        [ControlLabel], 
        [TranslationRefId], 
        [Modified], 
        [ModifiedBy]) 
values (63, 
        19, 
        N'LANG_LBL_TITLE_WELCOME', 
        N'Welcome To', 
        64, 
        Cast(0x0000A4600128FD65 as datetime), 
        N'Administrator') 

insert [PatientFlow].[KioskScreenControl] 
       ([ControlId], 
        [ScreenId], 
        [UniqueId], 
        [ControlLabel], 
        [TranslationRefId], 
        [Modified], 
        [ModifiedBy]) 
values (64, 
        20, 
        N'ERR_TITLE', 
        N'Sorry! Unable to process your request.', 
        30, 
        Cast(0x0000A460012499FD as datetime), 
        N'Administrator') 

insert [PatientFlow].[KioskScreenControl] 
       ([ControlId], 
        [ScreenId], 
        [UniqueId], 
        [ControlLabel], 
        [TranslationRefId], 
        [Modified], 
        [ModifiedBy]) 
values (65, 
        20, 
        N'ERR_TXT', 
        N'Please report to reception', 
        31, 
        Cast(0x0000A460012499FD as datetime), 
        N'Administrator') 

insert [PatientFlow].[KioskScreenControl] 
       ([ControlId], 
        [ScreenId], 
        [UniqueId], 
        [ControlLabel], 
        [TranslationRefId], 
        [Modified], 
        [ModifiedBy]) 
values (66, 
        20, 
        N'OK_BTN_TXT', 
        N'OK', 
        32, 
        Cast(0x0000A460012499FE as datetime), 
        N'Administrator') 

insert [PatientFlow].[KioskScreenControl] 
       ([ControlId], 
        [ScreenId], 
        [UniqueId], 
        [ControlLabel], 
        [TranslationRefId], 
        [Modified], 
        [ModifiedBy]) 
values (67, 
        21, 
        N'FIRSTNAME_TITLE', 
        N'Please select first letter of your firstname', 
        46, 
        Cast(0x0000A46001262359 as datetime), 
        N'Administrator') 

insert [PatientFlow].[KioskScreenControl] 
       ([ControlId], 
        [ScreenId], 
        [UniqueId], 
        [ControlLabel], 
        [TranslationRefId], 
        [Modified], 
        [ModifiedBy]) 
values (68, 
        22, 
        N'HIBERNATE_TXT', 
        N'KIOSK Hibernating....', 
        57, 
        Cast(0x0000A4600127228B as datetime), 
        N'Administrator') 

insert [PatientFlow].[KioskScreenControl] 
       ([ControlId], 
        [ScreenId], 
        [UniqueId], 
        [ControlLabel], 
        [TranslationRefId], 
        [Modified], 
        [ModifiedBy]) 
values (69, 
        23, 
        N'TIMEOUT_MSG', 
        N'Timing Out In...', 
        58, 
        Cast(0x0000A460012752C2 as datetime), 
        N'Administrator') 

insert [PatientFlow].[KioskScreenControl] 
       ([ControlId], 
        [ScreenId], 
        [UniqueId], 
        [ControlLabel], 
        [TranslationRefId], 
        [Modified], 
        [ModifiedBy]) 
values (70, 
        24, 
        N'ORG_PAGETITLE_TEXT', 
        N'To start, please select one of the options below', 
        63, 
        Cast(0x0000A46001283F9C as datetime), 
        N'Administrator') 

insert [PatientFlow].[KioskScreenControl] 
       ([ControlId], 
        [ScreenId], 
        [UniqueId], 
        [ControlLabel], 
        [TranslationRefId], 
        [Modified], 
        [ModifiedBy]) 
values (71, 
        25, 
        N'P_TITLETEXT', 
        N'Please select a slot type', 
        65, 
        Cast(0x0000A46001293D33 as datetime), 
        N'Administrator') 

set identity_insert [PatientFlow].[KioskScreenControl] off 

insert [PatientFlow].[AlertType] 
       ([AlertTypeId], 
        [AlertTypeText]) 
values (2, 
        N'Organisation') 

insert [PatientFlow].[AlertType] 
       ([AlertTypeId], 
        [AlertTypeText]) 
values (3, 
        N'Department') 

insert [PatientFlow].[AlertType] 
       ([AlertTypeId], 
        [AlertTypeText]) 
values (4, 
        N'Member') 

go 

insert [PatientFlow].[KioskAppointmentMatch] 
       ([AppointmentMatchId], 
        [AppointmentMatchTitle], 
        [ScreenOrder], 
        [Modified]) 
values (1, 
        N'First letter of surname, Day of birth, Month of birth, Year of birth', 
        N'P_SURNAME,P_DAY,P_MONTH,P_YEAR', 
        null) 

insert [PatientFlow].[KioskAppointmentMatch] 
       ([AppointmentMatchId], 
        [AppointmentMatchTitle], 
        [ScreenOrder], 
        [ModifiedBy], 
        [Modified]) 
values (2, 
        N'Day of birth, Month of birth, Gender, First letter of firstname', 
        N'P_DAY,P_MONTH,P_GENDER,P_FIRSTNAM', 
        null, 
        null) 

insert [PatientFlow].[KioskAppointmentMatch] 
       ([AppointmentMatchId], 
        [AppointmentMatchTitle], 
        [ScreenOrder], 
        [ModifiedBy], 
        [Modified]) 
values (3, 
        N'Full Date of birth, First letter of surname, Gender', 
        N'P_DOB,P_SURNAME,P_GENDER', 
        null, 
        null) 

insert [PatientFlow].[KioskAppointmentMatch] 
       ([AppointmentMatchId], 
        [AppointmentMatchTitle], 
        [ScreenOrder], 
        [ModifiedBy], 
        [Modified]) 
values (4, 
N'First letter of firstname, Day of birth, First letter of surname, Year of birth' 
        , 
N'P_FIRSTNAM,P_DAY,P_SURNAME,P_YEAR', 
null, 
null) 

insert [PatientFlow].[LinkTypes] 
       ([LinkTypeId], 
        [LinkType]) 
values (1, 
        N'Organisation') 

insert [PatientFlow].[LinkTypes] 
       ([LinkTypeId], 
        [LinkType]) 
values (2, 
        N'Department') 

insert [PatientFlow].[LinkTypes] 
       ([LinkTypeId], 
        [LinkType]) 
values (3, 
        N'Member') 

insert [PatientFlow].[OrganisationSystemType] 
       ([SystemTypeId], 
        [SystemType]) 
values (1, 
        N'EMIS - Web') 

insert [PatientFlow].[OrganisationSystemType] 
       ([SystemTypeId], 
        [SystemType]) 
values (2, 
        N'EMIS PCS') 

insert [PatientFlow].[OrganisationSystemType] 
       ([SystemTypeId], 
        [SystemType]) 
values (3, 
        N'PAS') 

insert [PatientFlow].[OrganisationSystemType] 
       ([SystemTypeId], 
        [SystemType]) 
values (4, 
        N'None') 

set identity_insert [PatientFlow].[SiteMenu] on 

insert [PatientFlow].[SiteMenu] 
       ([MenuId], 
        [MenuName], 
        [NavigationUrl], 
        [ParentMenuId], 
        [NodeTypeId], 
        [NodeId], 
        [ModifiedBy], 
        [Modified]) 
values (1, 
        N'Organisations', 
        null, 
        0, 
        1, 
        null, 
        null, 
        null) 

insert [PatientFlow].[SiteMenu] 
       ([MenuId], 
        [MenuName], 
        [NavigationUrl], 
        [ParentMenuId], 
        [NodeTypeId], 
        [NodeId], 
        [ModifiedBy], 
        [Modified]) 
values (4, 
        N'Diverts', 
        null, 
        0, 
        4, 
        null, 
        null, 
        null) 

insert [PatientFlow].[SiteMenu] 
       ([MenuId], 
        [MenuName], 
        [NavigationUrl], 
        [ParentMenuId], 
        [NodeTypeId], 
        [NodeId], 
        [ModifiedBy], 
        [Modified]) 
values (5, 
        N'Alerts', 
        null, 
        0, 
        5, 
        null, 
        null, 
        null) 

insert [PatientFlow].[SiteMenu] 
       ([MenuId], 
        [MenuName], 
        [NavigationUrl], 
        [ParentMenuId], 
        [NodeTypeId], 
        [NodeId], 
        [ModifiedBy], 
        [Modified]) 
values (7, 
        N'Questionnaires', 
        N'~/Views/questionnaire/QuestionCategoryList.cshtml', 
        0, 
        7, 
        null, 
        null, 
        null) 

insert [PatientFlow].[SiteMenu] 
       ([MenuId], 
        [MenuName], 
        [NavigationUrl], 
        [ParentMenuId], 
        [NodeTypeId], 
        [NodeId], 
        [ModifiedBy], 
        [Modified]) 
values (8, 
        N'Reports', 
        null, 
        0, 
        8, 
        null, 
        null, 
        null) 

insert [PatientFlow].[SiteMenu] 
       ([MenuId], 
        [MenuName], 
        [NavigationUrl], 
        [ParentMenuId], 
        [NodeTypeId], 
        [NodeId], 
        [ModifiedBy], 
        [Modified]) 
values (9, 
        N'Users', 
        null, 
        0, 
        9, 
        null, 
        null, 
        null) 

insert [PatientFlow].[SiteMenu] 
       ([MenuId], 
        [MenuName], 
        [NavigationUrl], 
        [ParentMenuId], 
        [NodeTypeId], 
        [NodeId], 
        [ModifiedBy], 
        [Modified]) 
values (495, 
        N'Sync Services', 
        null, 
        0, 
        37, 
        null, 
        null, 
        null) 

go 

insert [PatientFlow].[SiteMenu] 
       ([MenuId], 
        [MenuName], 
        [NavigationUrl], 
        [ParentMenuId], 
        [NodeTypeId], 
        [NodeId], 
        [ModifiedBy], 
        [Modified]) 
values (909, 
        N'Translations', 
        null, 
        0, 
        53, 
        null, 
        null, 
        null) 

set identity_insert [PatientFlow].[SiteMenu] off 

insert [PatientFlow].[Status] 
       ([StatusId], 
        [StatusName]) 
values (0, 
        N'Offline') 

insert [PatientFlow].[Status] 
       ([StatusId], 
        [StatusName]) 
values (1, 
        N'Online') 

insert [PatientFlow].[Status] 
       ([StatusId], 
        [StatusName]) 
values (3, 
        N'Not reachable') 

insert [PatientFlow].[Status] 
       ([StatusId], 
        [StatusName]) 
values (4, 
        N'Not configured') 


set identity_insert [PatientFlow].[KioskPatientMatch] on 

insert [PatientFlow].[KioskPatientMatch] 
       ([PatientMatchId], 
        [PatientMatchTitle], 
        [ScreenOrder], 
        [ModifiedBy], 
        [Modified]) 
values (2, 
        N'Day of birth, Month of birth, First letter of surname', 
        N'P_DAY,P_MONTH,P_SURNAME', 
        null, 
        null) 

insert [PatientFlow].[KioskPatientMatch] 
       ([PatientMatchId], 
        [PatientMatchTitle], 
        [ScreenOrder], 
        [ModifiedBy], 
        [Modified]) 
values (3, 
        N'Gender, Day of birth, First letter of surname', 
        N'P_GENDER,P_DAY,P_SURNAME', 
        null, 
        null) 

insert [PatientFlow].[KioskPatientMatch] 
       ([PatientMatchId], 
        [PatientMatchTitle], 
        [ScreenOrder], 
        [ModifiedBy], 
        [Modified]) 
values (5, 
        N'Full Date of birth, First letter of surname', 
        N'P_DOB,P_SURNAME', 
        null, 
        null) 

insert [PatientFlow].[KioskPatientMatch] 
       ([PatientMatchId], 
        [PatientMatchTitle], 
        [ScreenOrder], 
        [ModifiedBy], 
        [Modified]) 
values (6, 
        N'Year of birth, First letter of surname, Month of birth', 
        N'P_YEAR,P_SURNAME,P_MONTH', 
        null, 
        null) 

set identity_insert [PatientFlow].[KioskPatientMatch] off 