insert [PatientFlow].[KioskScreen] ([ScreenId], [ScreenCode], [ScreenName], [IsConfigurable], [TranslationRefId]) values (1, N'P_DAY', N'Patient Matching - Day of birth', 0, null)
insert [PatientFlow].[KioskScreen] ([ScreenId], [ScreenCode], [ScreenName], [IsConfigurable], [TranslationRefId]) values (2, N'P_MONTH', N'Patient Matching - Month of birth', 0, null)
insert [PatientFlow].[KioskScreen] ([ScreenId], [ScreenCode], [ScreenName], [IsConfigurable], [TranslationRefId]) values (3, N'P_DOB', N'Patient Matching - Full date of birth', 0, null)
insert [PatientFlow].[KioskScreen] ([ScreenId], [ScreenCode], [ScreenName], [IsConfigurable], [TranslationRefId]) values (4, N'P_YEAR', N'Patient Matching - Year of birth', 0, null)
insert [PatientFlow].[KioskScreen] ([ScreenId], [ScreenCode], [ScreenName], [IsConfigurable], [TranslationRefId]) values (5, N'P_GENDER', N'Patient Matching - Gender', 0, null)
insert [PatientFlow].[KioskScreen] ([ScreenId], [ScreenCode], [ScreenName], [IsConfigurable], [TranslationRefId]) values (6, N'P_SURNAME', N'Patient Matching - First letter of surname', 0, null)
insert [PatientFlow].[KioskScreen] ([ScreenId], [ScreenCode], [ScreenName], [IsConfigurable], [TranslationRefId]) values (7, N'P_LANGUAGE', N'Language Selection', 0, null)
insert [PatientFlow].[KioskScreen] ([ScreenId], [ScreenCode], [ScreenName], [IsConfigurable], [TranslationRefId]) values (8, N'P_MODULE', N'Module Selection', 0, null)
insert [PatientFlow].[KioskScreen] ([ScreenId], [ScreenCode], [ScreenName], [IsConfigurable], [TranslationRefId]) values (9, N'P_ARR_CNF', N'Arrival Cofirmation', 0, null)
insert [PatientFlow].[KioskScreen] ([ScreenId], [ScreenCode], [ScreenName], [IsConfigurable], [TranslationRefId]) values (10, N'P_ARR_FIN', N'Finish Arrival', 0, null)
insert [PatientFlow].[KioskScreen] ([ScreenId], [ScreenCode], [ScreenName], [IsConfigurable], [TranslationRefId]) values (11, N'P_ARR_DEMO', N'Demographics', 0, null)
insert [PatientFlow].[KioskScreen] ([ScreenId], [ScreenCode], [ScreenName], [IsConfigurable], [TranslationRefId]) values (12, N'P_SUR_OPT', N'Survey Option Selection', 0, null)
insert [PatientFlow].[KioskScreen] ([ScreenId], [ScreenCode], [ScreenName], [IsConfigurable], [TranslationRefId]) values (13, N'P_SUR_QUES', N'Survey Questionnaires', 0, null)
insert [PatientFlow].[KioskScreen] ([ScreenId], [ScreenCode], [ScreenName], [IsConfigurable], [TranslationRefId]) values (14, N'P_SUR_FIN', N'Finish Survey', 0, null)
insert [PatientFlow].[KioskScreen] ([ScreenId], [ScreenCode], [ScreenName], [IsConfigurable], [TranslationRefId]) values (15, N'P_BOK_DAY', N'Apointment Booking - Day Selection', 0, null)
insert [PatientFlow].[KioskScreen] ([ScreenId], [ScreenCode], [ScreenName], [IsConfigurable], [TranslationRefId]) values (16, N'P_BOK_DOC', N'Apointment Booking - Doctor Selection', 0, null)
insert [PatientFlow].[KioskScreen] ([ScreenId], [ScreenCode], [ScreenName], [IsConfigurable], [TranslationRefId]) values (17, N'P_BOK_CNF', N'Confirm Booking', 0, null)
insert [PatientFlow].[KioskScreen] ([ScreenId], [ScreenCode], [ScreenName], [IsConfigurable], [TranslationRefId]) values (18, N'P_BOK_FIN', N'Finish Booking', 0, null)
insert [PatientFlow].[KioskScreen] ([ScreenId], [ScreenCode], [ScreenName], [IsConfigurable], [TranslationRefId]) values (19, N'P_OUT_SERV', N'Out of Service', 0, null)
insert [PatientFlow].[KioskScreen] ([ScreenId], [ScreenCode], [ScreenName], [IsConfigurable], [TranslationRefId]) values (20, N'P_EXCP_DVT', N'Exception Divert', 0, null)
insert [PatientFlow].[KioskScreen] ([ScreenId], [ScreenCode], [ScreenName], [IsConfigurable], [TranslationRefId]) values (21, N'P_FIRSTNAM', N'Patient Matching - First letter of firstname', 0, null)
insert [PatientFlow].[KioskScreen] ([ScreenId], [ScreenCode], [ScreenName], [IsConfigurable], [TranslationRefId]) values (22, N'P_HIBERNAT', N'Hibernation Countdown', 0, null)
insert [PatientFlow].[KioskScreen] ([ScreenId], [ScreenCode], [ScreenName], [IsConfigurable], [TranslationRefId]) values (23, N'P_INDEXWIN', N'Index Window', 0, null)
insert [PatientFlow].[KioskScreen] ([ScreenId], [ScreenCode], [ScreenName], [IsConfigurable], [TranslationRefId]) values (24, N'P_ORG', N'Organisation Selection', 0, null)
insert [PatientFlow].[KioskScreen] ([ScreenId], [ScreenCode], [ScreenName], [IsConfigurable], [TranslationRefId]) values (25, N'P_SLOTTYPE', N'Slottype Selection', 0, null)
insert [PatientFlow].[KioskScreenControl] ([ControlId], [ScreenId], [UniqueId], [ControlLabel], [TranslationRefId]) values (1, 1, N'DAY_LBL_TITLE', N'Please select your day of birth', null)
insert [PatientFlow].[KioskScreenControl] ([ControlId], [ScreenId], [UniqueId], [ControlLabel], [TranslationRefId]) values (2, 2, N'MONTH_LBL_TITLE', N'Please select your month of birth', null)
insert [PatientFlow].[KioskScreenControl] ([ControlId], [ScreenId], [UniqueId], [ControlLabel], [TranslationRefId]) values (3, 3, N'DATE_LBL_TITLE', N'Enter date of birth', null)
insert [PatientFlow].[KioskScreenControl] ([ControlId], [ScreenId], [UniqueId], [ControlLabel], [TranslationRefId]) values (4, 3, N'DOB_DAY_TITLE', N'Day', null)
insert [PatientFlow].[KioskScreenControl] ([ControlId], [ScreenId], [UniqueId], [ControlLabel], [TranslationRefId]) values (5, 3, N'DOB_MONTH_TITLE', N'Month', null)
insert [PatientFlow].[KioskScreenControl] ([ControlId], [ScreenId], [UniqueId], [ControlLabel], [TranslationRefId]) values (6, 3, N'DOB_YEAR_TITLE', N'Year', null)
insert [PatientFlow].[KioskScreenControl] ([ControlId], [ScreenId], [UniqueId], [ControlLabel], [TranslationRefId]) values (7, 3, N'NEXT_BTN_TEXT', N'Next', null)
insert [PatientFlow].[KioskScreenControl] ([ControlId], [ScreenId], [UniqueId], [ControlLabel], [TranslationRefId]) values (8, 4, N'YEAR_LBL_TITLE', N'Please select your year of birth', null)
insert [PatientFlow].[KioskScreenControl] ([ControlId], [ScreenId], [UniqueId], [ControlLabel], [TranslationRefId]) values (9, 4, N'OK_BTN_TXT', N'OK', null)
insert [PatientFlow].[KioskScreenControl] ([ControlId], [ScreenId], [UniqueId], [ControlLabel], [TranslationRefId]) values (10, 4, N'NONE_BTN_TXT', N'None of the Above', null)
insert [PatientFlow].[KioskScreenControl] ([ControlId], [ScreenId], [UniqueId], [ControlLabel], [TranslationRefId]) values (11, 4, N'YEARNOTFOUND_TXT', N'Year Not Found', null)
insert [PatientFlow].[KioskScreenControl] ([ControlId], [ScreenId], [UniqueId], [ControlLabel], [TranslationRefId]) values (12, 4, N'RECP_YEARLBL_TEXT', N'Please contact Reception', null)
insert [PatientFlow].[KioskScreenControl] ([ControlId], [ScreenId], [UniqueId], [ControlLabel], [TranslationRefId]) values (13, 5, N'GENDER_LBL_TITLE', N'Please select your gender', null)
insert [PatientFlow].[KioskScreenControl] ([ControlId], [ScreenId], [UniqueId], [ControlLabel], [TranslationRefId]) values (14, 5, N'GENDER_MALE', N'Male', null)
insert [PatientFlow].[KioskScreenControl] ([ControlId], [ScreenId], [UniqueId], [ControlLabel], [TranslationRefId]) values (15, 5, N'GENDER_FEMALE', N'Female', null)
insert [PatientFlow].[KioskScreenControl] ([ControlId], [ScreenId], [UniqueId], [ControlLabel], [TranslationRefId]) values (16, 5, N'SKIP_BTN_TEXT', N'Skip', null)
insert [PatientFlow].[KioskScreenControl] ([ControlId], [ScreenId], [UniqueId], [ControlLabel], [TranslationRefId]) values (17, 6, N'SURNAME_LBL_TITLE', N'Please select first letter of your surname', null)
insert [PatientFlow].[KioskScreenControl] ([ControlId], [ScreenId], [UniqueId], [ControlLabel], [TranslationRefId]) values (18, 7, N'LANG_LBL_TITLE_WELCOME', N'Welcome To', null)
insert [PatientFlow].[KioskScreenControl] ([ControlId], [ScreenId], [UniqueId], [ControlLabel], [TranslationRefId]) values (19, 7, N'LANG_TITLE_TXT', N'select a language to start ', null)
insert [PatientFlow].[KioskScreenControl] ([ControlId], [ScreenId], [UniqueId], [ControlLabel], [TranslationRefId]) values (20, 8, N'MODULE_LBL_TITLE', N'Please select an option', null)
insert [PatientFlow].[KioskScreenControl] ([ControlId], [ScreenId], [UniqueId], [ControlLabel], [TranslationRefId]) values (21, 9, N'ARR_CONF_LBL_TITLE', N'Appointments For', null)
insert [PatientFlow].[KioskScreenControl] ([ControlId], [ScreenId], [UniqueId], [ControlLabel], [TranslationRefId]) values (22, 9, N'CONFIRM_BTN_TEXT', N'Confirm', null)
insert [PatientFlow].[KioskScreenControl] ([ControlId], [ScreenId], [UniqueId], [ControlLabel], [TranslationRefId]) values (23, 9, N'CANCEL_BTN_TEXT', N'Cancel', null)
insert [PatientFlow].[KioskScreenControl] ([ControlId], [ScreenId], [UniqueId], [ControlLabel], [TranslationRefId]) values (24, 9, N'NODETAILS_LBL_TEXT', N'Sorry we are unable to find your details', null)
insert [PatientFlow].[KioskScreenControl] ([ControlId], [ScreenId], [UniqueId], [ControlLabel], [TranslationRefId]) values (25, 9, N'RECP_LBL_TEXT', N'Please contact Reception or Click the below button to try again', null)
insert [PatientFlow].[KioskScreenControl] ([ControlId], [ScreenId], [UniqueId], [ControlLabel], [TranslationRefId]) values (26, 9, N'TRYAGAIN_BTN_TEXT', N'Try Again', null)
insert [PatientFlow].[KioskScreenControl] ([ControlId], [ScreenId], [UniqueId], [ControlLabel], [TranslationRefId]) values (27, 9, N'CONFIRMALL_BTN_TEXT', N'Confirm All', null)
insert [PatientFlow].[KioskScreenControl] ([ControlId], [ScreenId], [UniqueId], [ControlLabel], [TranslationRefId]) values (28, 9, N'EARLYARR_TITLE', N'Early Arrival', null)
insert [PatientFlow].[KioskScreenControl] ([ControlId], [ScreenId], [UniqueId], [ControlLabel], [TranslationRefId]) values (29, 9, N'EARLYARR_TEXT', N'Sorry, your appointment is +Time+ , we are unable to check you in until +earlyarrivaltime+ minutes before your appointment.  Please try again later.', null)
insert [PatientFlow].[KioskScreenControl] ([ControlId], [ScreenId], [UniqueId], [ControlLabel], [TranslationRefId]) values (30, 9, N'LATEARR_TITLE', N'Late Arrival', null)
insert [PatientFlow].[KioskScreenControl] ([ControlId], [ScreenId], [UniqueId], [ControlLabel], [TranslationRefId]) values (31, 9, N'LATEARR_TEXT', N'Sorry, your appointment time of +Time+ has passed and we are unable to check you in.  Please contact reception', null)
insert [PatientFlow].[KioskScreenControl] ([ControlId], [ScreenId], [UniqueId], [ControlLabel], [TranslationRefId]) values (32, 9, N'OK_BTN_TXT', N'OK', null)
insert [PatientFlow].[KioskScreenControl] ([ControlId], [ScreenId], [UniqueId], [ControlLabel], [TranslationRefId]) values (33, 9, N'ARR_ERR_TITLE', N'Sorry! Unable to process your request.', null)
insert [PatientFlow].[KioskScreenControl] ([ControlId], [ScreenId], [UniqueId], [ControlLabel], [TranslationRefId]) values (34, 9, N'ARR_ERR_TEXT', N'Please report to reception', null)
insert [PatientFlow].[KioskScreenControl] ([ControlId], [ScreenId], [UniqueId], [ControlLabel], [TranslationRefId]) values (35, 10, N'FINISH_BTN_TXT', N'Finish', null)
insert [PatientFlow].[KioskScreenControl] ([ControlId], [ScreenId], [UniqueId], [ControlLabel], [TranslationRefId]) values (36, 10, N'THANKYOU_TXT', N'Thank You', null)
insert [PatientFlow].[KioskScreenControl] ([ControlId], [ScreenId], [UniqueId], [ControlLabel], [TranslationRefId]) values (37, 10, N'ARR_CONF_TXT', N'Your arrival is confirmed', null)
insert [PatientFlow].[KioskScreenControl] ([ControlId], [ScreenId], [UniqueId], [ControlLabel], [TranslationRefId]) values (38, 10, N'YES_BTN_TXT', N'Yes', null)
insert [PatientFlow].[KioskScreenControl] ([ControlId], [ScreenId], [UniqueId], [ControlLabel], [TranslationRefId]) values (39, 10, N'NO_BTN_TXT', N'No', null)
insert [PatientFlow].[KioskScreenControl] ([ControlId], [ScreenId], [UniqueId], [ControlLabel], [TranslationRefId]) values (40, 10, N'SURVEY_PROMPT_MSG', N'Do you want to take the survey?', null)
insert [PatientFlow].[KioskScreenControl] ([ControlId], [ScreenId], [UniqueId], [ControlLabel], [TranslationRefId]) values (41, 12, N'SURVEY_LBL_TXT', N'Please choose an option', null)
insert [PatientFlow].[KioskScreenControl] ([ControlId], [ScreenId], [UniqueId], [ControlLabel], [TranslationRefId]) values (42, 12, N'NO_SURVEY_OPTIONS', N'Surveys currently unavailable', null)
insert [PatientFlow].[KioskScreenControl] ([ControlId], [ScreenId], [UniqueId], [ControlLabel], [TranslationRefId]) values (43, 13, N'NEXT_BTN_TEXT', N'Next', null)
insert [PatientFlow].[KioskScreenControl] ([ControlId], [ScreenId], [UniqueId], [ControlLabel], [TranslationRefId]) values (44, 13, N'QUESTION_LBL_TXT', N'Please answer the following questions', null)
insert [PatientFlow].[KioskScreenControl] ([ControlId], [ScreenId], [UniqueId], [ControlLabel], [TranslationRefId]) values (45, 13, N'SKIP_BTN_TEXT', N'Skip', null)
insert [PatientFlow].[KioskScreenControl] ([ControlId], [ScreenId], [UniqueId], [ControlLabel], [TranslationRefId]) values (46, 14, N'THANKYOU_TXT', N'Thank You', null)
insert [PatientFlow].[KioskScreenControl] ([ControlId], [ScreenId], [UniqueId], [ControlLabel], [TranslationRefId]) values (47, 14, N'FINISH_BTN_TXT', N'Finish', null)
insert [PatientFlow].[KioskScreenControl] ([ControlId], [ScreenId], [UniqueId], [ControlLabel], [TranslationRefId]) values (48, 14, N'SURY_CNF_TXT', N'Your survey has been recorded', null)
insert [PatientFlow].[KioskScreenControl] ([ControlId], [ScreenId], [UniqueId], [ControlLabel], [TranslationRefId]) values (49, 15, N'CALENDAR_LBL_TEXT', N'Please select a preferred day', null)
insert [PatientFlow].[KioskScreenControl] ([ControlId], [ScreenId], [UniqueId], [ControlLabel], [TranslationRefId]) values (50, 15, N'NODETAILS_LBL_TEXT', N'Sorry we are unable to find your details', null)
insert [PatientFlow].[KioskScreenControl] ([ControlId], [ScreenId], [UniqueId], [ControlLabel], [TranslationRefId]) values (51, 15, N'RECP_BOOKLBL_TXT', N'Please contact Reception or Click the below button to try again', null)
insert [PatientFlow].[KioskScreenControl] ([ControlId], [ScreenId], [UniqueId], [ControlLabel], [TranslationRefId]) values (52, 15, N'TRYAGAIN_BTN_TEXT', N'Try Again', null)
insert [PatientFlow].[KioskScreenControl] ([ControlId], [ScreenId], [UniqueId], [ControlLabel], [TranslationRefId]) values (53, 15, N'WELCOME_BOOKLBL_TXT', N'Welcome', null)
insert [PatientFlow].[KioskScreenControl] ([ControlId], [ScreenId], [UniqueId], [ControlLabel], [TranslationRefId]) values (54, 16, N'NOSLOTS_TXT', N'No Slots Available', null)
insert [PatientFlow].[KioskScreenControl] ([ControlId], [ScreenId], [UniqueId], [ControlLabel], [TranslationRefId]) values (55, 17, N'CNF_TITLE_TXT', N'Please confirm your request', null)
insert [PatientFlow].[KioskScreenControl] ([ControlId], [ScreenId], [UniqueId], [ControlLabel], [TranslationRefId]) values (56, 17, N'CONFIRM_BTN_TEXT', N'Confirm', null)
insert [PatientFlow].[KioskScreenControl] ([ControlId], [ScreenId], [UniqueId], [ControlLabel], [TranslationRefId]) values (57, 17, N'CANCEL_BTN_TEXT', N'Cancel', null)
insert [PatientFlow].[KioskScreenControl] ([ControlId], [ScreenId], [UniqueId], [ControlLabel], [TranslationRefId]) values (58, 17, N'BOOKINGAT_TXT', N'at', null)
insert [PatientFlow].[KioskScreenControl] ([ControlId], [ScreenId], [UniqueId], [ControlLabel], [TranslationRefId]) values (59, 18, N'FINISH_BTN_TXT', N'Finish', null)
insert [PatientFlow].[KioskScreenControl] ([ControlId], [ScreenId], [UniqueId], [ControlLabel], [TranslationRefId]) values (60, 18, N'RQST_TXT', N'for your appointment request', null)
insert [PatientFlow].[KioskScreenControl] ([ControlId], [ScreenId], [UniqueId], [ControlLabel], [TranslationRefId]) values (61, 18, N'THANKYOU_TXT', N'Thank You', null)
insert [PatientFlow].[KioskScreenControl] ([ControlId], [ScreenId], [UniqueId], [ControlLabel], [TranslationRefId]) values (62, 18, N'AT_LBL_TXT', N'at', null)
insert [PatientFlow].[KioskScreenControl] ([ControlId], [ScreenId], [UniqueId], [ControlLabel], [TranslationRefId]) values (63, 19, N'LANG_LBL_TITLE_WELCOME', N'Welcome To', null)
insert [PatientFlow].[KioskScreenControl] ([ControlId], [ScreenId], [UniqueId], [ControlLabel], [TranslationRefId]) values (64, 20, N'ERR_TITLE', N'Sorry! Unable to process your request.', null)
insert [PatientFlow].[KioskScreenControl] ([ControlId], [ScreenId], [UniqueId], [ControlLabel], [TranslationRefId]) values (65, 20, N'ERR_TXT', N'Please report to reception', null)
insert [PatientFlow].[KioskScreenControl] ([ControlId], [ScreenId], [UniqueId], [ControlLabel], [TranslationRefId]) values (66, 20, N'OK_BTN_TXT', N'OK', null)
insert [PatientFlow].[KioskScreenControl] ([ControlId], [ScreenId], [UniqueId], [ControlLabel], [TranslationRefId]) values (67, 21, N'FIRSTNAME_TITLE', N'Please select first letter of your firstname', null)
insert [PatientFlow].[KioskScreenControl] ([ControlId], [ScreenId], [UniqueId], [ControlLabel], [TranslationRefId]) values (68, 22, N'HIBERNATE_TXT', N'KIOSK Hibernating....', null)
insert [PatientFlow].[KioskScreenControl] ([ControlId], [ScreenId], [UniqueId], [ControlLabel], [TranslationRefId]) values (69, 23, N'TIMEOUT_MSG', N'Timing Out In...', null)
insert [PatientFlow].[KioskScreenControl] ([ControlId], [ScreenId], [UniqueId], [ControlLabel], [TranslationRefId]) values (70, 24, N'ORG_PAGETITLE_TEXT', N'To start, please select one of the options below', null)
insert [PatientFlow].[KioskScreenControl] ([ControlId], [ScreenId], [UniqueId], [ControlLabel], [TranslationRefId]) values (71, 25, N'P_TITLETEXT', N'Please select a slot type', null)
insert [PatientFlow].[AppointmentStatus] ([AppointmentStatusId], [AppointmentStatusDesc]) VALUES (0, N'Booked')
insert [PatientFlow].[AppointmentStatus] ([AppointmentStatusId], [AppointmentStatusDesc]) values (1, N'Arrived')
insert [PatientFlow].[AppointmentStatus] ([AppointmentStatusId], [AppointmentStatusDesc]) values (2, N'Left')
insert [PatientFlow].[AppointmentStatus] ([AppointmentStatusId], [AppointmentStatusDesc]) values (3, N'Sent in')
insert [PatientFlow].[Language] ([LanguageId], [LanguageCode], [LanguageName], [TranslationRefId]) values (1, N'en', N'English', 76)
insert [PatientFlow].[Language] ([LanguageId], [LanguageCode], [LanguageName], [TranslationRefId]) values (2, N'es', N'Spanish', 77)
insert [PatientFlow].[Language] ([LanguageId], [LanguageCode], [LanguageName], [TranslationRefId]) values (3, N'fr', N'French', 78)
insert [PatientFlow].[Language] ([LanguageId], [LanguageCode], [LanguageName], [TranslationRefId]) values (4, N'ge', N'German', 79)
insert [PatientFlow].[Language] ([LanguageId], [LanguageCode], [LanguageName], [TranslationRefId]) values (5, N'ru', N'Russian', 80)
insert [PatientFlow].[Language] ([LanguageId], [LanguageCode], [LanguageName], [TranslationRefId]) values (6, N'tu', N'Turkish', 81)
insert [PatientFlow].[Translation] ([LanguageId], [TranslationRefId], [TranslationText]) values (1, 76, N'English')
insert [PatientFlow].[Translation] ([LanguageId], [TranslationRefId], [TranslationText]) values (2, 77, N'español')
insert [PatientFlow].[Translation] ([LanguageId], [TranslationRefId], [TranslationText]) values (3, 78, N'français')
insert [PatientFlow].[Translation] ([LanguageId], [TranslationRefId], [TranslationText]) values (4, 79, N'Deutsch')
insert [PatientFlow].[Translation] ([LanguageId], [TranslationRefId], [TranslationText]) values (5, 80, N'???????')
insert [PatientFlow].[Translation] ([LanguageId], [TranslationRefId], [TranslationText]) values (6, 81, N'Türk')